date_utc,mean_return,return_dispersion,avg_vol_30d,vol_dispersion,avg_trend,pct_uptrend,pct_downtrend,crypto_return,fx_return,btc_vol_30d,avg_pairwise_corr_30d,cluster_kmeans,regime_kmeans,cluster_gmm,regime_gmm,gmm_prob_risk_off,gmm_prob_risk_on,gmm_prob_high_volatility,gmm_prob_calm
2025-02-03,0.01673717070705368,0.029000277803412876,0.021014905518621993,0.02081886749274466,-0.2,0.16666666666666666,0.3333333333333333,0.03588608700992468,-0.0024117455958173237,0.024460384222478558,0.8184582785260793,2,high_volatility,0,risk_off,1.0,5.147015807386118e-42,7.605700923798523e-55,8.572019956977851e-32
2025-02-04,-0.02547047214205746,0.03466804112244356,0.02150567559136554,0.021394817747288596,-0.4,0.16666666666666666,0.5,-0.054844766277369374,0.0039038219932544527,0.025400420749520123,0.8301035591161056,3,risk_off,0,risk_off,1.0,1.599190016506208e-61,3.0074928821932336e-57,2.86262478323937e-63
2025-02-05,-0.0033583309045268814,0.01650832450044028,0.0213564139443272,0.0213137067742139,-0.2,0.16666666666666666,0.3333333333333333,-0.006442632565453669,-0.0002740292436000935,0.024334802230135167,0.8232899636199879,1,calm,0,risk_off,1.0,6.599890629198174e-33,3.52660073341865e-53,3.882676539259193e-31
2025-02-06,-0.012342012874454836,0.017592149516459803,0.02026296926217352,0.0200488702882107,-0.2,0.16666666666666666,0.3333333333333333,-0.023063544060703028,-0.0016204816882066468,0.022381773337715006,0.794443211731149,1,calm,0,risk_off,1.0,3.0025270916837595e-35,8.82919428414205e-81,3.775558285900896e-24
2025-02-07,-0.006214327040292733,0.00962272066208515,0.02026498396810749,0.020018463674412512,-0.2,0.16666666666666666,0.3333333333333333,-0.009827820272393817,-0.0026008338081916493,0.022069132576161134,0.7958493181999343,1,calm,0,risk_off,1.0,4.992676525167137e-31,2.7561679745036238e-84,1.1742417619582556e-22
2025-02-10,0.007514304694653602,0.011528081743309729,0.019868583253890387,0.019549050081135496,-0.4,0.16666666666666666,0.5,0.016253695134275842,-0.0012250857449686385,0.02114706443126726,0.7878582457353476,1,calm,0,risk_off,1.0,2.792698912951445e-51,2.2274355643779236e-114,2.15280489929137e-48
2025-02-11,-0.008445971331016619,0.00956991628445931,0.01992848330160905,0.01956675525947766,-0.6,0.16666666666666666,0.6666666666666666,-0.016287161100461505,-0.0006047815615717322,0.021410065179340992,0.7846104660951608,1,calm,0,risk_off,1.0,2.8482633759438562e-90,3.178476212383869e-149,1.6095445154175867e-93
2025-02-12,0.020539859222968287,0.023591531532975798,0.020405765991983422,0.019889239727496767,-0.6,0.16666666666666666,0.6666666666666666,0.03946149168183566,0.0016182267641009125,0.021754081900296655,0.8030637908345403,2,high_volatility,0,risk_off,1.0,1.3994039465166414e-85,6.726336129919229e-131,4.26886809891562e-93
2025-02-13,-0.004785572007754331,0.011758605515003174,0.020140380161961752,0.01941023113821076,-0.4,0.16666666666666666,0.5,-0.013990251384619993,0.00441910736911133,0.021559235158921757,0.7943067574037038,1,calm,0,risk_off,1.0,3.184541509484297e-47,2.428778179724493e-96,3.990329038434167e-47
2025-02-14,0.01010256175463444,0.01551661209981627,0.01910323406199642,0.018250214713869766,-0.6,0.0,0.5,0.021165642308942283,-0.0009605187996734044,0.020213692178994123,0.7649445276121302,1,calm,0,risk_off,1.0,1.6762412686711288e-95,3.643024716713886e-181,3.276510881881041e-86
2025-02-17,-0.0012544225594054066,0.01893256891146442,0.01753085863710734,0.016093081521090822,-0.4,0.16666666666666666,0.5,-5.411221295329819e-05,-0.002454732905857515,0.018709220360890056,0.7278340758324454,1,calm,0,risk_off,1.0,1.2587914680811165e-67,1.1083092866708741e-182,1.1579113334017507e-40
2025-02-18,-0.009152634880056687,0.014036925985323589,0.01690546957916821,0.015206924652239285,-0.2,0.3333333333333333,0.5,-0.018533891526437658,0.00022862176632428474,0.01793735803282655,0.719414370718233,1,calm,0,risk_off,0.9999999999998335,2.1081511214429084e-43,5.172404136711253e-164,1.6661654127653739e-13
2025-02-19,0.006919095587172926,0.008083916958530508,0.016927205441024544,0.015262430349861396,-0.2,0.3333333333333333,0.5,0.01381913104515653,1.9060129189322577e-05,0.017970721774488555,0.7270869156219715,1,calm,0,risk_off,0.9999999999999913,1.0869803301134868e-40,3.232396365403218e-155,8.686218996401865e-15
2025-02-20,0.0031890867473290396,0.008449723474382838,0.016427148942436538,0.014752717807941807,0.0,0.3333333333333333,0.3333333333333333,0.008865188681309144,-0.002487015186651065,0.016658839030547636,0.7241801151280157,1,calm,0,risk_off,0.8889063388354463,1.751257059080085e-34,3.026641464609233e-165,0.11109366116455359
2025-02-21,-0.01990278434373934,0.02330493923457795,0.01668565864877355,0.014943802898259062,-0.5,0.16666666666666666,0.6666666666666666,-0.03673834304159177,-0.0030672256458869063,0.016607637745617156,0.7327608232945124,1,calm,0,risk_off,0.9999996921115829,1.8212681906429696e-26,1.0527252380370515e-139,3.078884171530047e-07
2025-02-24,-0.048888171425895945,0.059599388528868764,0.01903956523622309,0.01793095268822906,-0.5,0.16666666666666666,0.6666666666666666,-0.09721393900120046,-0.0005624038505914383,0.01856087441321936,0.8075143479670626,3,risk_off,0,risk_off,0.9999999999922489,1.9880614410507127e-12,8.231897649128467e-52,5.763115933803805e-12
2025-02-25,-0.005445469593965135,0.013750382979537342,0.01902311239516346,0.017825983965864788,-0.5,0.16666666666666666,0.6666666666666666,-0.012145416432169709,0.001254477244239438,0.019012453992670268,0.7773230001177525,1,calm,0,risk_off,0.9999999977809899,1.3542970069238113e-09,3.0115698817313655e-85,8.647129572499524e-10
2025-02-26,-0.024518521828449102,0.03018561179135241,0.019595512228809554,0.01814130894209257,-0.3333333333333333,0.3333333333333333,0.6666666666666666,-0.05079221309658177,0.0017551694396835682,0.02076947767157131,0.7732250958934843,3,risk_off,0,risk_off,0.9999999999795794,3.978186393389869e-17,2.3058656014778624e-76,2.0420584112624544e-11
2025-02-27,0.0011446605936916339,0.009629114304167364,0.019528857363216183,0.018120796636671693,-0.3333333333333333,0.3333333333333333,0.6666666666666666,0.0036346990841021887,-0.0013453778967189207,0.020888457430948325,0.7714089151175463,1,calm,0,risk_off,0.999999999999732,2.369128884570899e-16,5.875915475817541e-87,2.6773382841374096e-13
2025-02-28,-0.009418024479781276,0.014685226251417343,0.01941603858717557,0.017936174479100498,-0.5,0.16666666666666666,0.6666666666666666,-0.019119061077303434,0.00028301211774088103,0.02011131036773894,0.768345318847031,1,calm,0,risk_off,0.9999999999789739,6.435061126633933e-14,3.857836592209399e-93,2.0961645539794862e-11
2025-03-03,-0.06558635565588235,0.07970366523939416,0.02631381653700993,0.025503093516888915,-0.5,0.16666666666666666,0.6666666666666666,-0.1339827320703668,0.0028100207586020756,0.031362655848449966,0.892217096710338,3,risk_off,2,high_volatility,4.251052208909976e-09,2.6726259924069925e-32,0.9999999957489472,9.061704549526892e-54
2025-03-04,0.0032260765838317087,0.008480431934495984,0.025270378708970562,0.02416803137642403,-0.3333333333333333,0.3333333333333333,0.6666666666666666,0.007926771872879343,-0.0014746187052159243,0.031161887418647338,0.8961047068025193,2,high_volatility,2,high_volatility,6.215836437786859e-15,9.926188279513348e-20,0.9999999999999938,3.6126314105318105e-53
2025-03-05,0.019192810035987235,0.016377399369357493,0.02524254061329044,0.023873395099231896,-0.3333333333333333,0.3333333333333333,0.6666666666666666,0.033199535248848853,0.005186084823125621,0.0311480650659245,0.9040269943958624,2,high_volatility,2,high_volatility,8.786074778104733e-15,2.6070034505960353e-24,0.9999999999999911,2.5924944956062723e-52
2025-03-06,-0.005810558192598588,0.011933362875392053,0.024909558072025304,0.023222137967253347,-0.5,0.16666666666666666,0.6666666666666666,-0.013631647231592492,0.002010530846395316,0.030540440553559107,0.9008097186157172,2,high_volatility,2,high_volatility,2.2062505981403926e-14,4.677950169558888e-18,0.999999999999978,6.832746099225459e-47
2025-03-07,-0.013674728663887378,0.015371331804928634,0.024977113454533396,0.023183897035927475,-0.3333333333333333,0.3333333333333333,0.6666666666666666,-0.026283980110459477,-0.0010654772173152767,0.03108384933671329,0.9038208719838711,2,high_volatility,2,high_volatility,3.9060470136243335e-22,8.409546446472096e-21,1.0,1.6654121399458072e-48
2025-03-10,-0.030786651627595103,0.04005876725966437,0.026784994193313358,0.02536016241653784,-0.3333333333333333,0.3333333333333333,0.6666666666666666,-0.06248210226040818,0.0009087990052179714,0.03319550500503886,0.9082790098363066,3,risk_off,2,high_volatility,2.191025563142294e-21,3.2758661484004645e-31,1.0,2.844528654764349e-59
2025-03-11,0.02556928848316244,0.031292215897409964,0.02749607586636704,0.026067802160145523,-0.3333333333333333,0.3333333333333333,0.6666666666666666,0.05192923742180744,-0.0007906604554825577,0.035061055646707674,0.9059696489581835,2,high_volatility,2,high_volatility,1.879942733679205e-20,9.860592556921884e-42,1.0,4.66656039768092e-75
2025-03-12,0.010164751135573283,0.019672767043157638,0.027596091576201853,0.026165812039380426,-0.3333333333333333,0.3333333333333333,0.6666666666666666,0.01641639203843855,0.003913110232708017,0.035046548063487115,0.8990840315330565,2,high_volatility,2,high_volatility,1.166690830229789e-21,1.5946846926567287e-43,1.0,1.0338033678751271e-76
2025-03-13,-0.015943296634970256,0.01878424507790934,0.027695180053430676,0.026238655511150278,-0.3333333333333333,0.3333333333333333,0.6666666666666666,-0.03210453471055482,0.00021794144061430357,0.035307315295023296,0.8991933999030038,2,high_volatility,2,high_volatility,6.502114517526269e-26,7.627985391663873e-42,1.0,1.1569720875444027e-77
2025-03-14,0.01546880049728496,0.021143624637288996,0.027622464519921213,0.026063658970477376,-0.5,0.16666666666666666,0.6666666666666666,0.034213868107641376,-0.003276267113071459,0.035764541652353384,0.8987816327170405,2,high_volatility,2,high_volatility,4.851262120989404e-19,7.592403763937204e-44,1.0,1.68680737918348e-84
2025-03-17,0.012672835735196028,0.012204298382545902,0.02763409328567922,0.026403383677563255,-0.5,0.16666666666666666,0.6666666666666666,0.02303151189972367,0.0023141595706683837,0.036034694677170895,0.9017773668448937,2,high_volatility,2,high_volatility,3.5156063231891375e-17,9.362583736810436e-48,1.0,2.5307457537918696e-92
2025-03-18,-0.0058956407932015216,0.01436109397063505,0.027638274166145806,0.026445851537506893,-0.3333333333333333,0.16666666666666666,0.5,-0.014617576128702292,0.0028262945422992494,0.03603986181283161,0.8992377086830029,2,high_volatility,2,high_volatility,2.310820904941484e-19,1.5322010113398557e-54,1.0,1.921679631263042e-88
2025-03-19,0.029029303315277033,0.03276581157850545,0.028286672946015817,0.02713395983943271,-0.16666666666666666,0.16666666666666666,0.3333333333333333,0.058580885065615984,-0.0005222784350619181,0.03740922584466232,0.912679253797688,2,high_volatility,2,high_volatility,5.340917518715229e-19,7.847314780598097e-72,1.0,9.029383152598349e-96
2025-03-20,-0.021329268757111126,0.02002129583580147,0.02840692460358733,0.02728671658428677,-0.5,0.16666666666666666,0.6666666666666666,-0.0387525195801696,-0.0039060179340526524,0.0377670486378707,0.9145724392621869,2,high_volatility,2,high_volatility,8.262830939075744e-24,5.52307025097182e-55,1.0,1.987527891149667e-106
2025-03-21,-0.004550065515447547,0.00532519246825736,0.028298618458124623,0.027225442737447963,-0.5,0.16666666666666666,0.6666666666666666,-0.00764778623430451,-0.001452344796590584,0.037673850277551754,0.9140879070990012,2,high_volatility,2,high_volatility,1.1450932091546786e-22,9.236962543603339e-54,1.0,3.5874913687304125e-109
2025-03-24,0.01932428246017707,0.025173189255584746,0.028444970996344535,0.027423493564341588,0.16666666666666666,0.16666666666666666,0.0,0.03821438186209947,0.00043418305825467424,0.03787177105149073,0.9170697081838058,2,high_volatility,2,high_volatility,1.892333691634148e-23,1.6681292015302611e-90,1.0,5.311783327515909e-102
2025-03-25,0.005513832365842519,0.018677237470869423,0.028559808403140787,0.027482268360607853,0.16666666666666666,0.16666666666666666,0.0,0.011338396659367719,-0.00031073192768267993,0.037872495104400695,0.9158116815090512,2,high_volatility,2,high_volatility,1.6975857799687936e-27,5.157847935244423e-85,1.0,7.774482357436272e-102
2025-03-26,-0.0029772205834981413,0.015798173346320603,0.02703399365205962,0.02569881226086821,0.16666666666666666,0.16666666666666666,0.0,-0.003863728636790557,-0.002090712530205726,0.03683338190106672,0.9071111200610508,2,high_volatility,2,high_volatility,3.593905252428629e-23,7.009891053731544e-85,1.0,1.082413845035934e-96
2025-03-27,-0.002906073973564719,0.010530391403305047,0.026982402430760236,0.02568862902926247,0.0,0.0,0.0,-0.0075378412904539465,0.001725693343324508,0.03637233019347269,0.9133715390148006,2,high_volatility,2,high_volatility,7.8924152020054e-21,1.49673908087088e-75,1.0,4.118753378136416e-94
2025-03-28,-0.022788480438315734,0.02750125229716,0.026849374626213517,0.025690369057032973,-0.16666666666666666,0.16666666666666666,0.3333333333333333,-0.04668381584343199,0.001106854966800519,0.03565103470824896,0.9184003941833568,2,high_volatility,2,high_volatility,6.637235658158055e-17,1.2600801528932377e-56,0.9999999999999999,6.051220640625471e-82
2025-03-31,0.00044078278160210777,0.0053519473094731556,0.026959558756027527,0.025845822687464572,-0.5,0.16666666666666666,0.6666666666666666,0.0034995554363447625,-0.002617989873140547,0.035640472345072255,0.9244406113528748,2,high_volatility,2,high_volatility,6.685646177653688e-18,7.554566378669943e-38,1.0,2.780573770610592e-90
2025-04-01,0.020422374266098997,0.022650025542030053,0.0239026870373174,0.02244720139797995,-0.5,0.0,0.5,0.04061589416826639,0.00022885436393160763,0.031311427928446295,0.9017356553078395,2,high_volatility,2,high_volatility,6.091814695057519e-06,4.974060367158544e-32,0.9999939081853049,1.3721886894564087e-55
2025-04-02,-0.024869058444601983,0.028512391701938634,0.02072494458006677,0.018748731738898516,-0.6666666666666666,0.0,0.6666666666666666,-0.04929755009638681,-0.0004405667928171579,0.027697431768794103,0.8694530674861541,3,risk_off,0,risk_off,0.9996032192485051,1.0956573984650966e-26,0.00039678075149494945,4.859082225924524e-37
2025-04-03,0.001510375780364855,0.010604876063913703,0.020819181943601366,0.018645309451574905,-0.6666666666666666,0.16666666666666666,0.8333333333333334,0.0036336822611407658,-0.0006129307004110555,0.027634548003948763,0.8677312332664959,2,high_volatility,0,risk_off,0.9988466002025546,1.1073543939853114e-19,0.0011533997974454814,4.215835823254545e-40
2025-04-04,0.01010885934367208,0.023748036533379688,0.020718928980510143,0.01871164117518554,-0.6666666666666666,0.16666666666666666,0.8333333333333334,0.02122351005164506,-0.0010057913643009009,0.02667332508178302,0.857986221646664,2,high_volatility,0,risk_off,0.9999964445495436,1.825483819146728e-19,3.5554504562661915e-06,2.8142215418731367e-35
2025-04-07,-0.0021454082618433032,0.009341773035828786,0.022579615783293757,0.020788458246194016,-0.6666666666666666,0.16666666666666666,0.8333333333333334,-0.0016480188693106894,-0.002642797654375917,0.028254254140185335,0.8973895620288598,2,high_volatility,2,high_volatility,4.725789653146326e-08,1.9996191987049355e-12,0.9999999527401038,5.84230803402942e-42
2025-04-08,-0.020385676310833028,0.029436120772701368,0.021499757624715177,0.019024162079139147,-0.6666666666666666,0.16666666666666666,0.8333333333333334,-0.04601161809483926,0.005240265473173207,0.026594597561142012,0.8855532981687705,3,risk_off,2,high_volatility,1.2386272806573904e-07,8.502954751379616e-16,0.9999998761372711,1.9166850327451766e-30
2025-04-09,0.05711169683252946,0.06618636241527034,0.02375560570368307,0.02123738297185744,-0.5,0.16666666666666666,0.6666666666666666,0.11503846948390543,-0.0008150758188465076,0.030317517823357978,0.9098534701293333,2,high_volatility,2,high_volatility,5.80955968924279e-18,8.352669327767891e-39,1.0,2.494080075578991e-38
2025-04-10,-0.02704390595307173,0.036676769113109665,0.023852204051017636,0.021344099898472756,-0.5,0.16666666666666666,0.6666666666666666,-0.05590637824668199,0.0018185663405385262,0.029374823624247433,0.9111574171723289,3,risk_off,2,high_volatility,1.4585182061906277e-17,2.7564902780545054e-18,1.0,4.637537201609534e-34
2025-04-11,0.02058894649276159,0.027638804422811362,0.024522664174425706,0.02107890222944434,-0.3333333333333333,0.16666666666666666,0.5,0.03993260745569812,0.0012452855298250576,0.03067231843022802,0.9152920180509211,2,high_volatility,2,high_volatility,7.444201722462302e-33,1.3919426859765072e-25,1.0,4.3799214475942075e-32
2025-04-14,0.0014747872400016255,0.014471705105116719,0.024514645946244154,0.021212609377703126,-0.3333333333333333,0.16666666666666666,0.5,0.0008025103894092611,0.00214706409059399,0.029920391130680395,0.9124038111481291,2,high_volatility,2,high_volatility,1.9004106974100206e-36,5.535355524462449e-20,1.0,1.1367787446239668e-29
2025-04-15,-0.011648672198295443,0.012573482778425916,0.02439402017497321,0.02113590858627753,-0.3333333333333333,0.16666666666666666,0.5,-0.021520249804267404,-0.0017770945923234842,0.02972710112561033,0.912511782225062,2,high_volatility,2,high_volatility,6.184143558821424e-40,7.933900186808643e-18,1.0,1.0265811236465487e-29
2025-04-16,-0.0004921239880449901,0.0056660116540673605,0.024240086812876482,0.02101893526456927,-0.5,0.16666666666666666,0.6666666666666666,0.001722595873545692,-0.0027068438496356726,0.029570746934670603,0.9110761707976911,2,high_volatility,2,high_volatility,9.36139777842561e-36,1.0821368789248836e-16,1.0,6.894894030517853e-34
2025-04-17,0.0036870926900038348,0.007488406170565251,0.024129323226235243,0.02100845861882374,-0.5,0.16666666666666666,0.6666666666666666,0.007630860055289086,-0.00025667467528141713,0.02947301986119202,0.9166306143614712,2,high_volatility,2,high_volatility,5.938846615593033e-32,7.888952478063834e-16,0.9999999999999991,3.855990519462773e-33
2025-04-22,0.04978692852844324,0.058623371194387465,0.025200686494218246,0.022299225979831094,-0.16666666666666666,0.16666666666666666,0.3333333333333333,0.10044922014226525,-0.000875363085378759,0.030054152798646303,0.920064117148832,2,high_volatility,2,high_volatility,7.224053047096787e-33,2.541217006370231e-34,1.0,3.414849994637507e-24
2025-04-23,0.004174002514292656,0.012301952469010226,0.02508806090347616,0.021786855925729768,-0.16666666666666666,0.16666666666666666,0.3333333333333333,0.008449573534931995,-0.00010156850634668313,0.0299468332075547,0.9191075441648696,2,high_volatility,2,high_volatility,8.224106653478262e-48,2.414373611446232e-18,1.0,9.478443777825574e-26
2025-04-24,0.002584130356797517,0.0116615868137668,0.025023162436696625,0.021686050589422565,0.0,0.3333333333333333,0.3333333333333333,0.0035745671320560612,0.0015936935815389723,0.029938189581011222,0.924962072686303,2,high_volatility,2,high_volatility,3.497126887879956e-59,7.087466528724753e-20,1.0,2.670093576751215e-25
2025-04-25,0.00162360107863944,0.0058182615113668455,0.024939817308866713,0.021632082922156782,0.0,0.3333333333333333,0.3333333333333333,0.0036820729641060166,-0.00043487080682713675,0.029903766486769148,0.9319427514017096,2,high_volatility,2,high_volatility,2.606969036286915e-63,3.5592941659453054e-17,1.0,1.1223531518922236e-25
2025-04-28,0.003684347013263367,0.005974456878416964,0.024192706208739048,0.020735508423677888,0.0,0.3333333333333333,0.3333333333333333,0.005468634832055878,0.0019000591944708563,0.02891498220669686,0.9274537899310684,2,high_volatility,2,high_volatility,3.274485064346158e-60,1.2418275649977752e-17,1.0,1.9863983730958916e-21
2025-04-29,-0.007041597072790895,0.010490817254402738,0.024239553909190126,0.0207375935768996,0.0,0.3333333333333333,0.3333333333333333,-0.011292098461498848,-0.0027910956840829413,0.02898055697085281,0.9252687309594094,2,high_volatility,2,high_volatility,1.47964928338658e-65,2.269387856975778e-16,0.9999999999999996,1.6819052453392319e-22
2025-04-30,-0.0030600729076898556,0.005585915949548734,0.024250590430531682,0.020761557303257003,0.0,0.3333333333333333,0.3333333333333333,-0.005864087964581192,-0.00025605785079851895,0.02899525036449276,0.9253008872314865,2,high_volatility,2,high_volatility,9.669262744946579e-64,8.430052651189536e-17,1.0,3.145487538150664e-22
2025-05-01,0.015202312215193062,0.021985150793566607,0.02421495382775801,0.020606424216467224,0.0,0.3333333333333333,0.3333333333333333,0.033128407100061784,-0.002723782669675656,0.028795263935737888,0.9227157523833712,2,high_volatility,2,high_volatility,1.2077653898240795e-60,1.3569312324307698e-18,1.0,3.284252064860076e-20
2025-05-02,0.004573816985826207,0.006607022086614575,0.023746110157032947,0.019858698669163326,0.3333333333333333,0.5,0.16666666666666666,0.003645980002779788,0.005501653968872626,0.02798047756401726,0.9182727370027192,2,high_volatility,2,high_volatility,5.417717378526378e-83,1.9161055166768684e-24,0.9999999999999916,8.390846234850143e-15
2025-05-05,0.0009970485439694254,0.004422287357038839,0.023752538801178526,0.019818569202619117,0.16666666666666666,0.3333333333333333,0.16666666666666666,0.0037643110541841405,-0.0017702139662452894,0.02836405694436847,0.9294161409888515,2,high_volatility,2,high_volatility,1.2248548315278391e-80,1.0504385645038842e-18,1.0,2.9579591435090824e-18
2025-05-06,0.003167593208563968,0.010852448179150558,0.021277383466869432,0.016865590417867934,0.0,0.3333333333333333,0.3333333333333333,0.010065933007081881,-0.0037307465899539447,0.02563084787595746,0.9053608925429556,1,calm,2,high_volatility,5.6128190127034376e-65,7.438254729554774e-17,0.9999999997782285,2.217716240171324e-10
2025-05-07,0.0005267129139327476,0.004145574230344932,0.021262966569336933,0.01680071856416247,0.0,0.3333333333333333,0.3333333333333333,-0.0006415277042516321,0.0016949535321171272,0.025643271388773304,0.9090925774762034,1,calm,2,high_volatility,1.1385124818676557e-64,6.337528518478449e-18,0.9999999983139614,1.6860386527940938e-09
2025-05-08,0.0728031747191147,0.09282346852636442,0.02482580190128318,0.021924901560367974,0.3333333333333333,0.5,0.16666666666666666,0.14469143904316653,0.0009149103950628623,0.02629045121975229,0.8996727329110895,2,high_volatility,3,calm,3.403419186623646e-53,2.2945189386822267e-43,8.634186411285932e-07,0.9999991365813582
2025-05-09,0.01981623152645634,0.02599620042247033,0.022959576571191843,0.01951365834619166,0.5,0.5,0.0,0.03205643697078775,0.0075760260821249314,0.02250188437571674,0.8590885888869356,0,risk_on,3,calm,2.1849665925949124e-70,3.921270790222199e-17,2.771739689393534e-28,1.0
2025-05-12,-0.005485529625019155,0.004880287927891314,0.025062216708374815,0.023304462417607287,0.5,0.5,0.0,-0.008059060169144558,-0.0029119990808937533,0.01993188069688745,0.7769658046240959,0,risk_on,1,risk_on,7.636964046164432e-69,0.999999833173621,1.494754963537927e-203,1.668263789942773e-07
2025-05-13,0.021549502373259033,0.031927310885582164,0.0251395192745528,0.023203649839098284,0.3333333333333333,0.5,0.16666666666666666,0.04309546371800973,3.541028508339631e-06,0.019416048591084548,0.7687280981071453,0,risk_on,1,risk_on,5.377900434077804e-51,0.999978273150824,2.1437815350504556e-206,2.172684917620115e-05
2025-05-14,-0.01016267061842128,0.016077017534097134,0.025314244657152846,0.02339600338141494,0.3333333333333333,0.5,0.16666666666666666,-0.02164206859704217,0.00131672736019961,0.01955358678214484,0.7784341716693471,0,risk_on,1,risk_on,1.2364507756862093e-63,0.9999998954093456,5.4886784142639163e-191,1.0459065430576705e-07
2025-05-15,-0.013352782914570668,0.023973870177271532,0.02544734037701195,0.023654044113741272,0.5,0.5,0.0,-0.02628817811630461,-0.0004173877128367254,0.019269580760380416,0.770546998769853,0,risk_on,1,risk_on,3.145331425119574e-67,0.9999999889410188,1.1961199902149749e-220,1.1058981226625181e-08
2025-05-16,-0.000924144174056174,0.005230269132989575,0.02545938436637356,0.02363583430552601,0.5,0.5,0.0,0.0003544143681690389,-0.002202702716281387,0.01935384347454203,0.7709612395711228,0,risk_on,1,risk_on,2.841132579155014e-75,0.99999999618526,2.7811712660022353e-231,3.814740038222045e-09
2025-05-19,-0.0058069798167074875,0.01665260883814404,0.02602984583756775,0.0245363618624799,0.5,0.5,0.0,-0.0109560691169354,-0.0006578905164795756,0.020033458684595936,0.7622156862203423,0,risk_on,1,risk_on,6.47286942128651e-65,0.9999999685186451,3.9469610116094806e-243,3.1481354627380075e-08
2025-05-20,0.003238979834486936,0.0059906138540046444,0.02586622835402574,0.024505745289091718,0.5,0.5,0.0,0.006352038712107211,0.00012592095686666158,0.02001480079301909,0.7589081592849801,0,risk_on,1,risk_on,2.3976259633565648e-63,0.9999999132813062,4.788925846608618e-249,8.671869387341778e-08
2025-05-21,0.012212697148511068,0.01495001214757125,0.02583275665796694,0.024508115345351907,0.5,0.6666666666666666,0.16666666666666666,0.02365473185099476,0.0007706624460273778,0.01997583729482439,0.7659602714994476,0,risk_on,1,risk_on,4.648489306789599e-64,0.9999999505783507,1.0385451733402387e-218,4.942164941921105e-08
2025-05-22,0.018756155520555113,0.022977145058090443,0.024165250534571667,0.023327771948285402,0.5,0.6666666666666666,0.16666666666666666,0.037308834941294965,0.0002034760998152659,0.01655898204391437,0.7414562840952557,0,risk_on,1,risk_on,1.9639562979120818e-47,0.9999999988312939,3.2082507177080404e-276,1.1687061473954703e-09
2025-05-23,-0.028905339113704392,0.03505719169662666,0.025107737984390213,0.02429638219953134,0.5,0.6666666666666666,0.16666666666666666,-0.05805662591130204,0.00024594768389326244,0.0185167092821314,0.7600888343501918,0,risk_on,1,risk_on,4.6392740799547145e-51,0.9999999962307026,4.404937376073656e-222,3.769297457890414e-09
2025-05-26,0.0008739738016753281,0.007026448691997152,0.025093650292395905,0.024202991741756923,0.5,0.6666666666666666,0.16666666666666666,0.004363494827728465,-0.0026155472243778086,0.018525951624046046,0.7638268355471448,0,risk_on,1,risk_on,1.5027834378134492e-62,0.9999999986339227,4.556826108020538e-237,1.3660772492202802e-09
2025-05-27,0.0055724468650304075,0.016062586100742293,0.02452155514836765,0.024593720714033387,0.16666666666666666,0.5,0.3333333333333333,0.011340982862152424,-0.0001960891320916073,0.018415719598173643,0.754497550014516,0,risk_on,1,risk_on,4.3173066029800155e-27,0.9999999894169425,1.2047653846443881e-235,1.0583057612149503e-08
2025-05-28,-0.002872025716540346,0.012452012401425742,0.024616953120249987,0.024633016452078646,0.3333333333333333,0.5,0.16666666666666666,-0.008588213777589929,0.002844162344509238,0.01856709013031845,0.7573028874150848,0,risk_on,1,risk_on,7.627142857823953e-33,0.9999957695555601,2.8404021788614245e-231,4.230444439876176e-06
2025-05-29,-0.010901006747421263,0.014312685167129274,0.024819065352210543,0.024626867312990446,0.16666666666666666,0.16666666666666666,0.0,-0.022374817426986177,0.0005728039321436507,0.01900242082715102,0.7578364462497794,1,calm,1,risk_on,1.2769873504803167e-28,0.9999880851062418,1.1561646500199762e-256,1.19148937581811e-05
2025-05-30,-0.025320321210530794,0.03979125149646633,0.02562152539162925,0.025555639027970894,0.0,0.16666666666666666,0.16666666666666666,-0.05044994131153957,-0.0001907011095220179,0.019284658766016465,0.7642725439050757,3,risk_off,1,risk_on,2.514752111092253e-22,0.9999999313098956,9.971091992674204e-244,6.869010425075413e-08
2025-06-02,0.006113522616029247,0.010791840180081363,0.025315664796518932,0.025370382761904446,0.16666666666666666,0.3333333333333333,0.16666666666666666,0.01224125741714229,-1.421218508379507e-05,0.01872481041505712,0.7607625555001998,2,high_volatility,1,risk_on,5.4174942652819255e-33,0.9999999849531941,1.582176890367383e-260,1.5046806051884206e-08
2025-06-03,-0.0037434036610008437,0.0069054505812935285,0.02517973339258193,0.025296470353186825,0.0,0.3333333333333333,0.3333333333333333,-0.0066414449622500165,-0.0008453623597516705,0.018402784884294747,0.7598211338362858,2,high_volatility,1,risk_on,4.6184959436740234e-29,0.9999999990050963,1.947850897225233e-255,9.94903497562302e-10
2025-06-04,-0.0032439276085626987,0.012917185022191368,0.025147387017592126,0.025453291817602544,0.16666666666666666,0.3333333333333333,0.16666666666666666,-0.009068813135412043,0.002580957918286645,0.01850055070896841,0.7601419181785927,0,risk_on,1,risk_on,4.994057027259355e-31,0.999999979594116,1.2405347807271364e-253,2.040588397716113e-08
2025-06-05,-0.0328982990051751,0.04058388015139023,0.026066461690761628,0.02659684307677338,0.16666666666666666,0.3333333333333333,0.16666666666666666,-0.06509604356029848,-0.0007005544500517195,0.01914872337018546,0.7924149101501773,3,risk_off,1,risk_on,6.035758846093401e-29,0.9999999997191363,6.929351179171287e-212,2.808636398344236e-10
2025-06-06,0.01795396586155353,0.01815031967973003,0.02624432254233913,0.026714192810672558,0.0,0.16666666666666666,0.16666666666666666,0.03319207037673603,0.002715861346371029,0.01973212931810263,0.7891098809570516,2,high_volatility,1,risk_on,5.345994686847432e-31,0.9999999937867581,2.8095048933988893e-231,6.213241699863042e-09
2025-06-09,0.028645337675276123,0.03161488233462195,0.018668344174935986,0.01613430737457082,0.6666666666666666,0.6666666666666666,0.0,0.05631888960392565,0.0009717857466265967,0.017576277726906536,0.7942669582392464,0,risk_on,3,calm,4.867103783697368e-35,1.3201500284313728e-24,4.796584593973583e-89,1.0
2025-06-10,0.011493312319113455,0.02041698598661393,0.018436317731566895,0.015794653533887384,0.6666666666666666,0.6666666666666666,0.0,0.022857915587069105,0.00012870905115780484,0.017509419642010384,0.7810739134457988,0,risk_on,3,calm,5.6232459786212946e-36,1.2698131056570308e-22,1.9564351160480695e-103,1.0
2025-06-11,-0.009470215823543682,0.011994264709596416,0.01850632292430254,0.01588496628192907,0.5,0.6666666666666666,0.16666666666666666,-0.019501076273285605,0.0005606446261982404,0.017569958041333395,0.7877307984693142,0,risk_on,3,calm,1.2281090887978943e-36,1.3358120667487513e-14,1.6070462402493358e-88,0.9999999999999867
2025-06-12,-0.0224233163130866,0.026941658062954132,0.018355116869735344,0.01572437326479715,0.16666666666666666,0.3333333333333333,0.16666666666666666,-0.04476775613973941,-7.887648643378764e-05,0.018220656900160306,0.8084303074992906,1,calm,3,calm,9.04553421634551e-19,1.1655332044151539e-14,4.577477635734127e-60,0.9999999999999885
2025-06-13,-0.003494886607706471,0.011440436564749431,0.018231531902476526,0.015686963936199894,0.0,0.3333333333333333,0.3333333333333333,-0.008143191497484659,0.0011534182820717165,0.018189483813814602,0.7998120090608726,1,calm,3,calm,2.935976492618589e-13,8.615116450931191e-11,1.100192973931495e-64,0.9999999999135551
2025-06-16,0.000696836058198258,0.009806942409689426,0.017995148360280253,0.01517821127811021,0.3333333333333333,0.5,0.16666666666666666,-0.0016239756801553391,0.0030176477965518553,0.018314226883667618,0.8057851318180264,0,risk_on,3,calm,1.2034504586418971e-26,2.7690669125989245e-17,1.722353291739186e-59,1.0
2025-06-17,-0.0087015394118935,0.01086964869798189,0.017271149580917515,0.014052821356677531,0.16666666666666666,0.3333333333333333,0.16666666666666666,-0.01816461472433491,0.0007615359005479124,0.017803576449553132,0.8257982057878744,1,calm,3,calm,2.2104367829314994e-27,2.555364020558932e-16,8.351707750896866e-42,0.9999999999999998
2025-06-18,0.0030955011087248074,0.004815542759079936,0.017211939238575908,0.013982855368791564,0.16666666666666666,0.3333333333333333,0.16666666666666666,0.005682799932390144,0.0005082022850594706,0.017755610839207184,0.8355557229489193,1,calm,3,calm,1.1025562736457543e-29,3.31936976012676e-15,2.9032953493710914e-36,0.9999999999999967
2025-06-19,-0.0005010001520665552,0.002247875994271742,0.01716395067026717,0.013963968884876037,0.16666666666666666,0.3333333333333333,0.16666666666666666,-0.0008558532486537818,-0.0001461470554793287,0.01761194724289305,0.8380968048321091,1,calm,3,calm,4.099304357304888e-31,1.5388920942590622e-14,1.28018615738585e-35,0.9999999999999847
2025-06-20,-0.017328316614885413,0.024323400202960352,0.016939850066611865,0.014396719398338018,0.16666666666666666,0.3333333333333333,0.16666666666666666,-0.03617138041328013,0.0015147471835093018,0.016992807983948463,0.8457418756621969,1,calm,3,calm,1.4890990355556062e-20,2.0260301257375915e-15,4.3492034022922916e-31,0.999999999999998
2025-06-23,0.03588517177785442,0.03990832004717714,0.017522949612078093,0.015189215987649734,0.5,0.6666666666666666,0.16666666666666666,0.06981967348159412,0.0019506700741147205,0.017354667870113624,0.8555918712084202,0,risk_on,3,calm,5.836957574277457e-33,3.217623266935976e-23,5.773340272241498e-34,1.0
2025-06-24,0.006067182662915245,0.007631838978605556,0.017350141981573322,0.015433585786966995,0.5,0.6666666666666666,0.16666666666666666,0.011300593373294735,0.0008337719525357556,0.01725990829252885,0.8579554058585547,0,risk_on,3,calm,2.4840702656955595e-34,8.342251822488174e-14,2.378576014941707e-37,0.9999999999999165
2025-06-25,-0.0027381831386857347,0.008366865691992034,0.017363976075842575,0.015419165361328927,0.3333333333333333,0.5,0.16666666666666666,-0.0023690410749077997,-0.0031073252024636697,0.01739548946011091,0.8494990984112899,1,calm,3,calm,4.428187554666552e-26,1.30903053766949e-12,3.3739431544220454e-40,0.9999999999986909
2025-06-26,-0.004223628408898598,0.011963698197827164,0.017216686724680737,0.015291492157997003,0.3333333333333333,0.6666666666666666,0.3333333333333333,-0.010770925600405415,0.00232366878260822,0.017388688484705053,0.8630120890572458,0,risk_on,3,calm,4.308877009286522e-28,1.0302249636082818e-10,3.0551907937937274e-28,0.9999999998969775
2025-06-27,0.0008715583715653471,0.003520989161979557,0.01719670083869895,0.015298009276509697,0.16666666666666666,0.5,0.3333333333333333,0.0033011675833118925,-0.0015580508401811983,0.017282817325086283,0.8686382997709364,1,calm,3,calm,3.043232900021533e-24,6.081489030179453e-08,1.35499231171105e-28,0.9999999391851097
2025-06-30,-0.007136695478193696,0.010021115802205292,0.016565831244361045,0.014422753459628011,0.16666666666666666,0.3333333333333333,0.16666666666666666,-0.014048876639893368,-0.00022451431649402517,0.016792804732061354,0.8838096552402606,1,calm,3,calm,4.657661267565977e-25,3.706664508329747e-13,2.948217100698031e-26,0.9999999999996294
2025-07-01,-0.014590386459369368,0.020051434063245395,0.016801814082816165,0.014700033918963386,-0.16666666666666666,0.16666666666666666,0.3333333333333333,-0.030233441847711484,0.001052668928972748,0.016905640297954747,0.8877328947579014,1,calm,3,calm,6.641480885920182e-15,6.568371523441659e-11,5.754534685132044e-21,0.9999999999343097
2025-07-02,0.027698506446363236,0.03422767315471442,0.01768500185819423,0.015824464417791253,0.16666666666666666,0.16666666666666666,0.0,0.0560770324776226,-0.0006800195848961262,0.017765805220752013,0.903333636703593,1,calm,3,calm,4.957634721715011e-23,9.415185319319741e-20,3.2769831517769765e-30,1.0
2025-07-03,0.005922801539926932,0.007564627790817497,0.017716021695735124,0.015892889344957663,0.16666666666666666,0.16666666666666666,0.0,0.011507163574312992,0.0003384395055408736,0.017765357609990987,0.9025685439094838,1,calm,3,calm,3.68699358219575e-26,7.957391748578657e-12,1.822676427731646e-31,0.9999999999920426
2025-07-04,-0.016417359986548846,0.022487665733129915,0.017986515576254136,0.016213178215911492,0.16666666666666666,0.3333333333333333,0.16666666666666666,-0.033248597274252,0.00041387730115431215,0.017949536599544548,0.9089561883371925,1,calm,3,calm,4.697039693797706e-26,3.1194717389507864e-09,5.07798215050401e-26,0.9999999968805282
2025-07-07,-0.0069318983561538206,0.00964705769190354,0.01643916553796201,0.014651813665222174,0.16666666666666666,0.16666666666666666,0.0,-0.014395267649627286,0.0005314709373196447,0.016276330669813124,0.891320250434787,1,calm,3,calm,1.9879587908219553e-22,9.568314440018768e-15,2.9272742858242665e-34,0.9999999999999905
2025-07-08,0.010699835714289304,0.011509219112269965,0.016609247729532175,0.014722015443461656,0.5,0.5,0.0,0.017893080177516413,0.003506591251062193,0.016306020721800693,0.8908901429007027,0,risk_on,3,calm,1.609539555303392e-33,9.8505227213365e-18,1.0906177487691454e-32,1.0
2025-07-09,0.023234223886730427,0.027726035591495325,0.01619696477511007,0.014607545395777483,0.5,0.5,0.0,0.045338330024315164,0.0011301177491456944,0.014826817459164175,0.8890129102916428,0,risk_on,3,calm,1.5049665228825207e-29,4.1699568842847824e-20,1.4397162870895772e-42,1.0
2025-07-10,0.030689397463278072,0.037280284325621624,0.017038643079489362,0.01565895118639891,0.5,0.5,0.0,0.06285514872408944,-0.001476353797533303,0.01671362130060786,0.9201127684798615,0,risk_on,3,calm,3.256551182971618e-32,6.03384262754014e-22,2.4948583771964475e-44,1.0
2025-07-11,0.007636672786357416,0.012537192236611375,0.016808597619041042,0.01578588265388932,0.5,0.5,0.0,0.015581646445371078,-0.00030830087265624567,0.016538309118163046,0.915433247993778,0,risk_on,3,calm,2.07658572677686e-30,5.485916601345604e-15,1.3438738146545602e-48,0.9999999999999946
2025-07-14,0.003421831526216131,0.006955261960910717,0.01604118073286899,0.014877048294858274,0.6666666666666666,0.6666666666666666,0.0,0.00480080197847151,0.002042861073960752,0.015572177257784696,0.9083277462074628,0,risk_on,3,calm,1.4930919893684545e-38,7.131157787231553e-19,2.1291095221129403e-50,1.0
2025-07-15,0.005997508684683295,0.0192607771545621,0.016096131875836577,0.01504963733098208,0.6666666666666666,0.6666666666666666,0.0,0.010749987956399995,0.0012450294129665955,0.01606506072554492,0.8631350949015597,0,risk_on,3,calm,3.3961843450664834e-23,8.513097575414457e-26,3.759225065247934e-50,1.0
2025-07-16,0.025422024943022387,0.03608405831465664,0.016665266191758954,0.015998529078495635,0.6666666666666666,0.6666666666666666,0.0,0.050245856212029004,0.0005981936740157753,0.016009880579336257,0.8534008932172515,0,risk_on,3,calm,9.666475712951168e-19,4.10358654685194e-30,2.1398354424658963e-59,1.0
2025-07-17,0.009891060696932574,0.015369715107031839,0.01647170076828714,0.01595884119715792,0.8333333333333334,0.8333333333333334,0.0,0.02108435689471344,-0.0013022355008482922,0.01530929086529522,0.8534649732257164,0,risk_on,3,calm,1.3887335817621724e-31,2.0748582814794866e-25,4.489193444650074e-71,1.0
2025-07-18,0.015491868016479449,0.033251885123133484,0.016865573212746513,0.016558101783240745,0.8333333333333334,0.8333333333333334,0.0,0.02994975551005219,0.0010339805229067078,0.01555117733984428,0.7962858201400138,0,risk_on,3,calm,6.2053498028800116e-18,3.217117948049486e-41,2.717867377371171e-103,1.0
2025-07-21,-0.0005898444175623241,0.0038268061502749963,0.01658989567585065,0.01671464787849219,0.8333333333333334,0.8333333333333334,0.0,-0.001988551097077851,0.0008088622619532027,0.01503338400403753,0.6877575990999018,0,risk_on,3,calm,2.146991692648023e-14,2.8644341399957937e-71,4.725697212566526e-263,0.9999999999999786
2025-07-22,0.0024564368111654744,0.010519924999189951,0.016391620597575395,0.016350542185599892,0.8333333333333334,0.8333333333333334,0.0,0.005199034122357375,-0.00028616050002642596,0.015037043746466644,0.6480014301423639,0,risk_on,3,calm,1.0977007702390572e-13,4.560486096339726e-92,0.0,0.9999999999998903
2025-07-23,-0.02520719853075302,0.043839558423733216,0.016714017903331584,0.017722847664659182,1.0,1.0,0.0,-0.050845531389179945,0.0004311343276739062,0.013492615872771523,0.61428790712896,0,risk_on,3,calm,3.470774723869774e-24,7.187798454225719e-117,0.0,1.0
2025-07-24,-0.0028402425202235793,0.018586607020447437,0.016841278661189733,0.01805234257405929,1.0,1.0,0.0,-0.005903073900473399,0.00022258886002624045,0.013551230336068008,0.6062612806915184,0,risk_on,3,calm,1.9433932915449872e-26,2.3323839746304513e-116,0.0,1.0
2025-07-25,0.003501793799615941,0.008862122400358061,0.01669176968132535,0.0180223316471149,1.0,1.0,0.0,0.0059008589962668,0.0011027286029650825,0.013584992224674356,0.6189304762383768,0,risk_on,3,calm,4.045840295138844e-26,2.0480049021466303e-111,0.0,1.0
2025-07-28,-0.014184816488972962,0.024524199039465677,0.017040040537907523,0.018666750959506376,1.0,1.0,0.0,-0.03051369525118804,0.0021440622732421164,0.013911430582431137,0.6360800684579956,0,risk_on,3,calm,2.1758802543563514e-26,7.039271371992473e-110,0.0,1.0
2025-07-29,-0.003120128737922149,0.007223016110129659,0.017199324816868755,0.018528296906460084,0.5,0.5,0.0,-0.00425011581710603,-0.0019901416587382683,0.013880726157494009,0.6353007519008953,0,risk_on,3,calm,1.0464967459279297e-18,2.295535033257371e-78,0.0,1.0
2025-07-30,-0.002466745691894423,0.007968515579682681,0.017080492614742124,0.01847021124695873,0.5,0.5,0.0,-0.004630664981662869,-0.00030282640212597745,0.013645047709719214,0.6283956239375365,0,risk_on,3,calm,1.933950592779048e-21,5.499073640724667e-81,0.0,1.0
2025-07-31,-0.01520463379717224,0.020688047793324935,0.017225101077830058,0.018353790319424565,0.5,0.5,0.0,-0.03115493192182132,0.0007456643274768396,0.0138300484468331,0.6328406100595635,0,risk_on,3,calm,4.595627973860103e-19,2.7204770958897953e-78,0.0,1.0
2025-08-01,-0.018964310380603772,0.026381393316961016,0.01734527081349911,0.0183242705755089,0.3333333333333333,0.3333333333333333,0.0,-0.04036246114649696,0.0024338403852894133,0.013581058466627426,0.6230213046767528,0,risk_on,3,calm,1.7985557499373518e-23,2.9900279276681524e-72,0.0,1.0
2025-08-04,0.0197295891107865,0.034478024919681376,0.018140037668183635,0.01857512915145652,0.3333333333333333,0.3333333333333333,0.0,0.043215762817679026,-0.003756584596106024,0.013547430390549274,0.6204880023807707,0,risk_on,3,calm,9.369138317310712e-16,2.4872615418638254e-64,0.0,0.9999999999999991
2025-08-05,-0.014057717766577252,0.021640278550306247,0.018406412592698505,0.018922346426497295,0.16666666666666666,0.16666666666666666,0.0,-0.029273563345704856,0.0011581278125503507,0.013609674703881915,0.6298033916101926,1,calm,3,calm,8.698320040243207e-20,6.062353651907306e-47,0.0,1.0
2025-08-06,0.0097601243566533,0.011747147034700837,0.01829187387747096,0.018852523108514378,0.3333333333333333,0.3333333333333333,0.0,0.018566867567622047,0.0009533811456845509,0.013518046823263085,0.6250379428206391,0,risk_on,3,calm,1.5651620463516275e-17,2.6110245013184536e-51,0.0,1.0
2025-08-07,0.028553733292496886,0.03547693575411982,0.018864806335147314,0.019590046318526445,0.6666666666666666,0.6666666666666666,0.0,0.05536865137273909,0.0017388152122546814,0.013963254095069084,0.6503533670185645,0,risk_on,3,calm,2.6567034323300593e-16,4.108399284488127e-57,0.0,0.9999999999999998
2025-08-08,0.008245720502978745,0.017969588322647324,0.018557455655863468,0.01930191236637154,0.6666666666666666,0.6666666666666666,0.0,0.018163002511651077,-0.0016715615056935862,0.013608864962682356,0.6228907541667525,0,risk_on,3,calm,7.138005085936875e-16,6.839960077984065e-63,0.0,0.9999999999999993
2025-08-11,-0.00971858745941632,0.02047736169955923,0.01819702503053412,0.019296665818713525,0.8333333333333334,0.8333333333333334,0.0,-0.020705373288822233,0.0012681983699895927,0.011835638821391818,0.5245761199492883,0,risk_on,3,calm,3.4025009149110963e-32,9.052214298668312e-106,0.0,1.0
2025-08-12,0.02709755478208196,0.037500934336252505,0.018780003176075925,0.020080118411675507,0.8333333333333334,0.8333333333333334,0.0,0.05332743105672814,0.0008676785074357799,0.011753494036112746,0.549340970201722,0,risk_on,3,calm,7.668033711210488e-30,1.5725701742327627e-91,0.0,1.0
2025-08-13,0.01714527040205127,0.018692775425272062,0.019025621528396482,0.02012193681845992,0.8333333333333334,0.8333333333333334,0.0,0.03369691808230665,0.0005936227217958981,0.01269364867983843,0.5573450903581674,0,risk_on,3,calm,4.677378911807156e-27,7.356713821162688e-86,0.0,1.0
2025-08-14,-0.02850982012920154,0.03430681563952473,0.01999840193348791,0.021102903670786148,0.8333333333333334,0.8333333333333334,0.0,-0.05604921613037387,-0.0009704241280292051,0.0144173450038667,0.638023727018378,0,risk_on,3,calm,8.923319327301904e-20,1.948309825834709e-57,0.0,1.0
2025-08-15,-0.0013081341430320654,0.015341461715033582,0.01954431810043932,0.020535478470676122,0.8333333333333334,0.8333333333333334,0.0,-0.0030801202884522074,0.00046385200238807656,0.01442538444835886,0.6238420754610945,0,risk_on,3,calm,4.75940487179002e-22,5.369170612478149e-65,0.0,1.0
2025-08-18,-0.016192720383213993,0.022105838668048203,0.019440320544306094,0.02014670780436843,0.6666666666666666,0.6666666666666666,0.0,-0.03232173688001635,-6.370388641163682e-05,0.014385887870615685,0.6589312841763367,0,risk_on,3,calm,4.523370698200356e-15,1.4511195315024721e-44,0.0,0.9999999999999956
2025-08-19,-0.02433241869130807,0.0282655179866673,0.018788272837297743,0.018526523603536987,0.5,0.5,0.0,-0.04822231641171326,-0.0004425209709028784,0.015322277267654108,0.7330826899366053,0,risk_on,3,calm,5.638572048168171e-09,8.40363447330719e-25,3.210712393618743e-201,0.999999994361428
2025-08-20,0.021540673306618,0.031355957435442845,0.019340356450287467,0.019309428644277968,0.3333333333333333,0.3333333333333333,0.0,0.04506037394800141,-0.001979027334765404,0.015523593082371211,0.7434219165265737,0,risk_on,3,calm,1.9425928981584496e-08,1.6446306664571978e-22,1.1779352660093762e-207,0.999999980574071
2025-08-21,-0.01266523272422615,0.01391701642679372,0.019371753563142444,0.01947652701811224,0.16666666666666666,0.16666666666666666,0.0,-0.02442955787579948,-0.0009009075726528204,0.015129991450297737,0.7700400913423534,1,calm,3,calm,3.419783386930886e-10,2.162520690476703e-09,8.570318424092663e-179,0.999999997495501
2025-08-22,0.05170609170482741,0.06426131287679082,0.021050873246549445,0.021202761349462668,0.5,0.6666666666666666,0.16666666666666666,0.10104853652361141,0.0023636468860434023,0.016822949767564387,0.8280114829461604,0,risk_on,3,calm,5.5059096479331314e-21,4.946491548127105e-18,9.019243994987423e-99,1.0
2025-08-25,-0.03483857188684256,0.044840862676252445,0.022274722218289494,0.022599732840566735,0.0,0.16666666666666666,0.16666666666666666,-0.06995800801848913,0.0002808642448040022,0.01793487624655133,0.8543554277758328,3,risk_off,1,risk_on,2.4962966413666108e-12,0.9999788540647252,4.605074240086922e-96,2.1145932778512255e-05
2025-08-26,0.01804209812648444,0.023610943160411353,0.022471283285324686,0.022781252720119806,0.16666666666666666,0.5,0.3333333333333333,0.0362415654564557,-0.0001573692034868198,0.018008294623301318,0.8573312949301504,0,risk_on,1,risk_on,1.809375307164845e-24,0.9999884887306327,1.3927371729970117e-94,1.1511269367271798e-05
2025-08-27,-0.004003745959912893,0.00852734193144726,0.02223785863778771,0.022502871310045698,0.16666666666666666,0.3333333333333333,0.16666666666666666,-0.007767052061731931,-0.00024043985809385493,0.017925085366202093,0.855708339411246,1,calm,1,risk_on,1.8105349005351786e-26,0.9998434862434983,5.73654241934557e-104,0.00015651375650174357
2025-08-28,0.0064127848507467,0.010328654211535018,0.02227391604136014,0.022550880975887665,0.16666666666666666,0.3333333333333333,0.16666666666666666,0.01268878206573613,0.00013678763575727024,0.018099019405794368,0.8508596222657511,1,calm,1,risk_on,1.565148482244278e-24,0.9998780341368132,6.518566112304472e-106,0.00012196586318681528
2025-08-29,-0.01979230251015207,0.021668317605096854,0.022665087301897507,0.022806342594132018,0.0,0.16666666666666666,0.16666666666666666,-0.039099856439676874,-0.0004847485806272663,0.019247143541002477,0.8497410907679345,1,calm,1,risk_on,6.382928812626225e-18,0.9999884811828612,1.2050098989104856e-96,1.1518817138764783e-05
2025-09-01,-0.0021123842287279113,0.011030937742469943,0.02190065976403575,0.021691741116826382,-0.16666666666666666,0.16666666666666666,0.3333333333333333,-0.007431345986830262,0.00320657752937444,0.01878899625053819,0.8327139635033524,1,calm,1,risk_on,1.5397866853223537e-15,0.9999993840146563,9.213201756149482e-92,6.15985342098097e-07
2025-09-02,0.006763505333817717,0.009563534418684629,0.021800670399318416,0.021571140668938765,-0.16666666666666666,0.16666666666666666,0.3333333333333333,0.01352274596770601,4.264699929423799e-06,0.018900657903998107,0.8222431366596515,1,calm,1,risk_on,5.422320830797117e-13,0.9999947739047254,1.5187138722168167e-102,5.226094732469829e-06
2025-09-03,0.010415557547903298,0.014310369170879193,0.021531830720021627,0.021061265923714434,0.0,0.5,0.5,0.01979792380767109,0.0010331912881355043,0.018867037365748802,0.8238067834888708,1,calm,1,risk_on,1.1680008125293755e-16,0.9999999710531662,1.036311610558573e-78,2.894683372439923e-08
2025-09-04,-0.01349913204637184,0.01745650022870482,0.021484207933721255,0.020976723232278484,-0.16666666666666666,0.3333333333333333,0.5,-0.02670626352605902,-0.0002920005666846581,0.018883000444215255,0.8256794795687794,1,calm,1,risk_on,1.3358489577032704e-11,0.9999998245470594,3.607309139917824e-77,1.7543958209500163e-07
2025-09-05,0.005197289051548204,0.010151139527895446,0.02145076686550104,0.02096085894529148,-0.16666666666666666,0.3333333333333333,0.5,0.009152046001611161,0.001242532101485246,0.018809141184653648,0.8223989488082896,1,calm,1,risk_on,6.040881769059089e-13,0.9999999878911418,9.278495269196627e-83,1.2108254190017007e-08
2025-09-08,0.011580552939486214,0.022228939664304195,0.020765652831624928,0.02005680422206853,0.3333333333333333,0.3333333333333333,0.0,0.021647078976350393,0.0015140269026220343,0.01847405203946586,0.8151638094359605,0,risk_on,3,calm,2.8767287910589427e-15,2.5484117268045174e-08,6.013587448894445e-95,0.9999999745158799
2025-09-09,-0.0020514128816754296,0.00421840908685833,0.020539979412636248,0.02007680286744436,0.3333333333333333,0.3333333333333333,0.0,-0.002715561818336728,-0.0013872639450141315,0.01785187198761954,0.8471651603700856,1,calm,3,calm,8.947724154759927e-24,0.015433962314190449,3.653026861937946e-83,0.9845660376858097
2025-09-10,0.008082046115911604,0.011088244743714096,0.020473223922165624,0.019803202525706574,0.5,0.5,0.0,0.017080039461883967,-0.0009159472300607577,0.018364599062946237,0.8466242537439835,0,risk_on,3,calm,2.7542646538272644e-27,7.444473313098965e-06,3.1658203140194783e-72,0.9999925555266869
2025-09-11,0.013405853336416937,0.018208831731184944,0.019778120361219828,0.01913650358821724,0.6666666666666666,0.6666666666666666,0.0,0.027550951839679334,-0.0007392451668454628,0.01841061059819683,0.8531962923686865,0,risk_on,3,calm,8.655799923517246e-30,1.0816043714228377e-12,4.078684181919132e-62,0.9999999999989184
2025-09-12,0.023743866012024457,0.033792357780333286,0.0199792410241586,0.019789011739572197,0.6666666666666666,0.6666666666666666,0.0,0.04602936150124141,0.0014583705228075061,0.017669259168673825,0.8464744950610359,0,risk_on,3,calm,1.1298190866938638e-23,2.0583165899039366e-16,1.1888297447283891e-74,0.9999999999999998
2025-09-15,-0.008254518049416773,0.01501763758954413,0.01899186542502403,0.01973341283299413,0.8333333333333334,0.8333333333333334,0.0,-0.017311871782690186,0.0008028356838566397,0.01607513410697387,0.8276312120075259,0,risk_on,3,calm,4.951734903511131e-27,2.1137623524179474e-20,6.10199575498395e-104,1.0
2025-09-16,0.0022605619317224157,0.006402911269783656,0.018952314315013017,0.019773575365574392,0.5,0.6666666666666666,0.16666666666666666,0.004632309018666847,-0.00011118515522201555,0.016250781422343968,0.8205440364002513,0,risk_on,3,calm,2.919927955980259e-16,2.915849666798546e-12,2.698009527091284e-103,0.9999999999970837
2025-09-17,0.010538375755318389,0.02023827670489295,0.01880658454634594,0.019421469442988205,0.5,0.6666666666666666,0.16666666666666666,0.0211727371727443,-9.598566210751909e-05,0.01614790184803966,0.8105931032257266,0,risk_on,3,calm,3.800021736898161e-13,1.1783497644769077e-15,4.360304419950376e-106,0.9999999999996189
2025-09-18,-0.0015449325681700838,0.006829313207526041,0.01810371798320352,0.01867043412314135,0.3333333333333333,0.5,0.16666666666666666,-0.003011709193755485,-7.815594258468266e-05,0.015163120776959527,0.7876529190342456,0,risk_on,3,calm,1.078547807362611e-09,5.216936439789943e-15,2.3006113916983537e-129,0.999999998921447
2025-09-19,-0.012998797240640866,0.020669934219662036,0.0179698833343815,0.018437960806576233,0.6666666666666666,0.6666666666666666,0.0,-0.02852269515590859,0.0025251006746268567,0.015204661900601036,0.7876510245482319,0,risk_on,3,calm,1.833320987998614e-13,1.2112432266254906e-26,6.640406441569212e-124,0.9999999999998167
2025-09-22,-0.026074966867868327,0.03167144452247426,0.015473887775045337,0.015660963763146258,0.16666666666666666,0.3333333333333333,0.16666666666666666,-0.05054663026678319,-0.001603303468953469,0.013436572489686964,0.7443811372390708,1,calm,3,calm,6.148549171653919e-05,5.3664398912711614e-37,1.3981913873125042e-156,0.9999385145082835
2025-09-23,-0.004625883488587797,0.008360873835596944,0.01543405630648311,0.015654614265643144,0.16666666666666666,0.3333333333333333,0.16666666666666666,-0.011016686105487339,0.0017649191283117445,0.013149090302822675,0.7553995835881078,1,calm,3,calm,8.17786437759917e-08,2.3820605416852933e-28,1.1298512011248187e-147,0.9999999182213563
2025-09-24,0.005395154382564937,0.007763767320347322,0.013805407016449093,0.013572649458656732,0.16666666666666666,0.3333333333333333,0.16666666666666666,0.008763957749807464,0.0020263510153224105,0.012113306575932651,0.6881868671400793,1,calm,3,calm,1.8327444928794792e-11,7.264386806566242e-55,1.639518807710517e-238,0.9999999999816724
2025-09-25,-0.029847906914098388,0.03574382751610993,0.014605077615224558,0.014336544226275135,0.0,0.3333333333333333,0.3333333333333333,-0.06018607548229978,0.0004902616541030044,0.013760390713457714,0.7431210468111941,1,calm,3,calm,0.0003785090420872761,1.6680085557504732e-38,9.9881745693638e-130,0.999621490957913
2025-09-26,0.015069242958553644,0.021458392977075153,0.014975633491171201,0.014725228022809952,0.0,0.3333333333333333,0.3333333333333333,0.029996567391733953,0.00014191852537333757,0.013792954867272863,0.7419559516153894,1,calm,3,calm,6.926013857325077e-06,6.06239930878023e-34,5.106704024286237e-144,0.9999930739861426
2025-09-29,0.004403101350229088,0.011936291236411848,0.014708221050591748,0.014495233514325415,0.3333333333333333,0.5,0.16666666666666666,0.00888243907768623,-7.623637722805239e-05,0.012842064716426257,0.7216328568669946,0,risk_on,3,calm,1.8237260612555246e-06,1.671614649928437e-44,3.741529641474089e-189,0.9999981762739387
2025-09-30,-0.005182609403551437,0.006874761108420881,0.014716208311926653,0.014517325631176532,0.16666666666666666,0.3333333333333333,0.16666666666666666,-0.009323017283060694,-0.0010422015240421818,0.012799886745951406,0.7261365138437984,1,calm,3,calm,1.4548623001893407e-06,1.5621177378548933e-39,9.745232563144672e-186,0.9999985451376998
2025-10-01,0.026236474862394516,0.031095938099588032,0.01552406716148773,0.01525683864900758,0.5,0.5,0.0,0.053177418275182665,-0.0007044685503936332,0.014553329013111415,0.7674711261422775,0,risk_on,3,calm,7.414292508432621e-07,4.6190475506475586e-48,1.4032803233447206e-128,0.9999992585707491
2025-10-02,0.015346037944004595,0.022865381796577804,0.015767374566039237,0.015584415318569945,0.5,0.5,0.0,0.033393230025265806,-0.0027011541372566152,0.014489215545862574,0.7816110685084907,0,risk_on,3,calm,3.1702773660566463e-07,1.1870163604931565e-38,2.4030282270290965e-120,0.9999996829722634
2025-10-03,0.0009522162609431247,0.009513186947843965,0.015670039323799786,0.015570576208434826,0.5,0.5,0.0,0.0018667756361593717,3.7656885726877753e-05,0.01463229036393943,0.7742529085897107,0,risk_on,3,calm,4.593029913532185e-07,2.893984697227428e-38,3.8567166811282065e-123,0.9999995406970086
2025-10-06,0.01930374505132898,0.02156461487006152,0.015763086845608384,0.015620166747369272,0.6666666666666666,0.6666666666666666,0.0,0.03334720388057747,0.005260286222080486,0.014421366617810192,0.7665858052783268,0,risk_on,3,calm,5.05175176004929e-10,7.776166713067209e-47,6.983856446951192e-125,0.999999999494825
2025-10-07,-0.024118055447115334,0.031578567435910004,0.016385860639450116,0.016329838136450482,0.5,0.5,0.0,-0.04973639500444808,0.0015002841102174092,0.015456916700294126,0.8018601726830218,0,risk_on,3,calm,3.743390876840318e-05,9.88133324158381e-33,6.159355361693941e-87,0.9999625660912316
2025-10-08,0.012639176269611955,0.014224712200553592,0.016383244794007962,0.016057823063085903,0.6666666666666666,0.6666666666666666,0.0,0.022968807993527813,0.002309544545696096,0.015609561634314725,0.8165737709562572,0,risk_on,3,calm,7.963214044928118e-14,7.921428944954061e-32,3.2194345213777327e-81,0.9999999999999204
2025-10-09,-0.012129542305602517,0.015927440668610567,0.016611052028465474,0.016283194443096064,0.6666666666666666,0.6666666666666666,0.0,-0.02512046530490312,0.0008613806936980847,0.015836305657216495,0.8218183033407772,0,risk_on,3,calm,2.0051674848846968e-15,9.702738786143965e-29,1.0693043500878679e-76,0.999999999999998
2025-10-10,-0.06764881350605613,0.0853035935683173,0.02109521331700921,0.02211968725598497,0.16666666666666666,0.3333333333333333,0.16666666666666666,-0.13437341689154672,-0.0009242101205655384,0.020528934669836064,0.8977040446853647,3,risk_off,0,risk_off,0.9999999999947651,5.196043155110187e-12,1.5861642445931147e-46,3.9681750028460904e-14
2025-10-13,0.008524900872024807,0.014822277290989713,0.022291956716913988,0.023389088337818324,0.0,0.3333333333333333,0.3333333333333333,0.01839963702455864,-0.0013498352805090263,0.02189531626947591,0.9268081285223998,2,high_volatility,1,risk_on,1.9464925806438764e-17,0.9999999999999104,1.9203601658559306e-65,8.964031205866475e-14
2025-10-14,-0.015549371583319463,0.018463024931781875,0.022384169368147303,0.02345903962261211,0.0,0.3333333333333333,0.3333333333333333,-0.03055939769825622,-0.0005393454683827089,0.02215309705225755,0.9279449849023385,2,high_volatility,1,risk_on,2.7486109383091794e-16,0.999999999999978,9.029203682610967e-61,2.1746789037443835e-14
2025-10-15,-0.015635118865476583,0.01839540885773048,0.022449320073826357,0.023575518056128304,0.0,0.3333333333333333,0.3333333333333333,-0.031195312363398935,-7.492536755423125e-05,0.022438692571293307,0.9305380820856927,2,high_volatility,1,risk_on,1.2658700614118032e-15,0.9999999999999953,3.1854563762908297e-60,3.4857402707431536e-15
2025-10-16,-0.016422416729672373,0.015523510678658772,0.02271008534230201,0.02349150125932479,-0.16666666666666666,0.16666666666666666,0.3333333333333333,-0.02879423636451846,-0.004050597094826284,0.02264671216072571,0.9324891724037752,2,high_volatility,1,risk_on,2.0501444210109803e-17,0.9999999999999978,2.7972495371862035e-60,2.2669771381143074e-15
2025-10-17,-0.008473612344653622,0.01031384145267764,0.022576068445600672,0.023130129268898805,-0.16666666666666666,0.16666666666666666,0.3333333333333333,-0.017274386438029293,0.00032716174872204906,0.022785094036807934,0.938879813844935,2,high_volatility,1,risk_on,3.793467688892965e-18,0.9999999999999991,3.143065420757513e-57,8.810685742770622e-16
2025-10-20,0.007017219213801977,0.01110669070730635,0.022805610220105146,0.023386448354551746,-0.3333333333333333,0.16666666666666666,0.5,0.013459288226305452,0.0005751502012985021,0.023188851670160094,0.9367927732720674,2,high_volatility,1,risk_on,3.092151040726286e-16,0.9999999999999996,3.121357338131939e-54,9.675184690567258e-21
2025-10-21,-0.013112223235251222,0.013462762331262033,0.02284097986543863,0.0234761773157698,-0.3333333333333333,0.16666666666666666,0.5,-0.02511025622218384,-0.0011141902483186028,0.02343510084734147,0.9362996138606041,2,high_volatility,1,risk_on,2.9899224822278136e-15,0.9999999999999969,8.149895109284379e-52,3.913970224838766e-21
2025-10-22,-0.0070749348610597935,0.011376319865423194,0.022413294964631122,0.02291243080122548,-0.3333333333333333,0.16666666666666666,0.5,-0.01582445995207386,0.001674590229954272,0.023146216243097765,0.9349958075801913,2,high_volatility,1,risk_on,2.636726084440093e-14,0.9999999999999738,8.995588448684555e-49,1.328518454459616e-20
2025-10-23,0.010337756720046961,0.012805135603447516,0.02254531900159254,0.02300530495913789,-0.5,0.16666666666666666,0.6666666666666666,0.02129924573605731,-0.0006237322959633899,0.023559626740956154,0.932236079059197,2,high_volatility,1,risk_on,6.132230031182102e-13,0.9999999999993867,7.97759321072925e-45,6.277601239307748e-26
2025-10-24,0.00808127690760078,0.007887668128699683,0.022553773225111148,0.023035417956524532,-0.5,0.16666666666666666,0.6666666666666666,0.014319063748988281,0.0018434900662132787,0.023506203363743445,0.9347743885244985,2,high_volatility,1,risk_on,7.346956802329931e-14,0.9999999999999265,2.5918863039367445e-46,8.916984702842725e-27
2025-10-27,-0.005835442199974339,0.011026625092245003,0.02199747743880057,0.022400135553209875,-0.16666666666666666,0.16666666666666666,0.3333333333333333,-0.013254956568139242,0.0015840721681905645,0.02288230344630996,0.9365210104525271,2,high_volatility,1,risk_on,1.8196478955398884e-14,0.9999999999999809,3.585717284056395e-49,9.565315562751003e-16
2025-10-28,-0.012322977291261658,0.017291482114334834,0.0219786139594304,0.022384853721991012,-0.16666666666666666,0.16666666666666666,0.3333333333333333,-0.02590906199279645,0.0012631074102731343,0.02261568290610705,0.9358973813151915,2,high_volatility,1,risk_on,1.380135921009882e-13,0.9999999999998455,1.361601459704131e-49,1.6442040826741488e-14
2025-10-29,-0.009467227797721542,0.010561564930057537,0.021920887579230993,0.022464158265989135,-0.3333333333333333,0.16666666666666666,0.5,-0.01702429247384633,-0.001910163121596753,0.022805059538363395,0.9340749051744716,2,high_volatility,1,risk_on,5.98548188989094e-14,0.99999999999994,4.920243203884709e-50,1.3721979936628504e-19
2025-10-30,-0.01478865061659603,0.02107383637325759,0.022090899008298,0.02266091254209359,-0.3333333333333333,0.3333333333333333,0.6666666666666666,-0.030649437352131104,0.001072136118939045,0.022960311186056816,0.9358050971822509,2,high_volatility,1,risk_on,2.1387378192542627e-12,0.9999999999978613,4.966315526157956e-45,2.810787192721639e-23
2025-10-31,0.008530184054722686,0.007855645204081631,0.02144016358112809,0.02198439983418841,-0.3333333333333333,0.3333333333333333,0.6666666666666666,0.014286451461910247,0.002773916647535124,0.021725534173005764,0.9336897973979457,2,high_volatility,1,risk_on,4.350870404055482e-15,0.9999999999999957,6.93370782962535e-51,1.195909162302666e-21
2025-11-03,-0.035997229346740635,0.044676643213623676,0.02202465247256591,0.022710794414292967,-0.3333333333333333,0.3333333333333333,0.6666666666666666,-0.0718837168053507,-0.00011074188813057588,0.0220891816326284,0.9448702521810853,3,risk_off,1,risk_on,1.2555865622064106e-09,0.9999999987444135,2.6392038113845027e-52,3.510159539303363e-20
2025-11-04,-0.027926156920590695,0.03539724954640204,0.022603262689360807,0.023188274867065536,-0.3333333333333333,0.3333333333333333,0.6666666666666666,-0.05541920658655963,-0.00043310725462175625,0.023308349184257778,0.9225413479685539,3,risk_off,1,risk_on,2.595822663164167e-09,0.9999999974041773,3.919996368244034e-37,5.350857415616777e-23
2025-11-05,0.014873726600675097,0.019781065378964763,0.02256492117336285,0.023029553889057742,-0.3333333333333333,0.3333333333333333,0.6666666666666666,0.03208611677333469,-0.002338663571984497,0.023772676005955316,0.9230307690651086,2,high_volatility,1,risk_on,1.0785247256807507e-12,0.9999999999989215,3.557705763112828e-38,5.804332013388248e-25
2025-11-06,-0.014711299417929405,0.017320626661200364,0.02228604067615075,0.02269983317112341,-0.5,0.16666666666666666,0.6666666666666666,-0.030210655177259443,0.00078805634140063,0.023719178107294108,0.9199957624791457,2,high_volatility,1,risk_on,7.400819065856439e-09,0.9999999925991809,1.6434110266228703e-34,6.535952013355524e-26
2025-11-07,0.026708728530893972,0.04165095282564965,0.022970849307609533,0.023830573778860265,-0.5,0.16666666666666666,0.6666666666666666,0.05389373432566876,-0.00047627726388081254,0.023843003987529008,0.9143882797730128,2,high_volatility,1,risk_on,2.3889442769709012e-08,0.999999976110557,4.2631833986657775e-39,9.837258519078721e-24
2025-11-10,0.0043904396118223015,0.0073975481340239,0.019189728576868775,0.01866945559362314,-0.5,0.16666666666666666,0.6666666666666666,0.0070973000766973255,0.0016835791469472783,0.020742806747810816,0.8768300302346713,1,calm,1,risk_on,0.018236489153513377,0.9817635108464643,6.20616438564423e-22,2.2319951240490396e-14
2025-11-11,-0.02000606168340489,0.02471446097864456,0.01733179301123593,0.016275714207005982,-0.5,0.16666666666666666,0.6666666666666666,-0.04129494732184413,0.001282823955034355,0.01986066068282618,0.8608056090916753,1,calm,0,risk_off,0.9999999995863751,4.112940282129435e-10,1.0997180632208126e-17,2.3309367902808252e-12
2025-11-12,-0.004175200776306454,0.00627556889021656,0.017172623950876906,0.01602489193756516,-0.5,0.16666666666666666,0.6666666666666666,-0.008165701384760212,-0.0001847001678526953,0.019913353078038123,0.8592452299461822,1,calm,0,risk_off,0.9999999922224294,7.775775482699192e-09,2.4905875282827285e-19,1.795124698991957e-12
2025-11-13,-0.01761279636388959,0.02406709992342721,0.01726568015952725,0.016175678083620946,-0.3333333333333333,0.16666666666666666,0.5,-0.03722150649105597,0.001995913763276791,0.019934331085822554,0.8578851872608916,1,calm,0,risk_off,0.9999999954580084,2.4773735480249133e-13,9.235021023180844e-20,4.541743842549773e-09
2025-11-14,-0.020159130220032073,0.024617866826461075,0.017564638855548067,0.016223397445965224,-0.3333333333333333,0.16666666666666666,0.5,-0.04212534834221149,0.0018070879021473418,0.021552634547809143,0.8422767761405382,1,calm,0,risk_off,0.9999999999999842,3.554289938349077e-23,9.943590849412963e-21,1.57756228707008e-14
2025-11-17,-0.01449207612385306,0.016303274363987715,0.01753911138436022,0.01648291166281046,-0.3333333333333333,0.16666666666666666,0.5,-0.02790116705199989,-0.0010829851957062282,0.021572969763539063,0.8436799868933536,1,calm,0,risk_off,0.9999999999999996,7.895024536794094e-23,4.158175968729196e-24,5.226281623217681e-16
2025-11-18,0.01752015400375743,0.025506031080789256,0.017813884272518447,0.016928192289109096,-0.16666666666666666,0.3333333333333333,0.5,0.03444094742708459,0.0005993605804302712,0.02144713065862227,0.8379423688659525,1,calm,0,risk_off,0.9999999999999831,2.6467909656015814e-25,1.2309619583620832e-27,1.6883892954490144e-14
2025-11-19,-0.01538805813650749,0.019320303021439958,0.017749006112491927,0.017111496087896576,-0.16666666666666666,0.3333333333333333,0.5,-0.030798794721057548,2.267844804256421e-05,0.021103406337912984,0.8423889208248431,1,calm,0,risk_off,0.9999999999999736,7.275479563932082e-22,5.754350195700324e-28,2.6398558103575254e-14
2025-11-20,-0.024790416239988382,0.030586867322168438,0.01830773176805667,0.017440258728994292,-0.5,0.16666666666666666,0.6666666666666666,-0.051247692676861765,0.0016668601968850005,0.02271687371120397,0.8353508214906625,3,risk_off,0,risk_off,1.0,8.736640056049919e-24,2.551619835124194e-19,1.9279241862367622e-22
2025-11-21,-0.015664282988007483,0.023270701106386408,0.018457495187762848,0.01772358226062998,-0.3333333333333333,0.3333333333333333,0.6666666666666666,-0.03272440049467588,0.0013958345186609138,0.022786451210670487,0.8328690657642771,1,calm,0,risk_off,1.0,1.25856043572289e-25,6.012539600296856e-24,1.7861578050942674e-23
2025-11-24,0.020265886845112564,0.024763748995948832,0.019024699113831093,0.01826444167797332,-0.3333333333333333,0.3333333333333333,0.6666666666666666,0.03921332033077215,0.001318453359452983,0.022992491938095064,0.8387676884706803,1,calm,0,risk_off,1.0,1.0084475062158998e-20,8.889386858990151e-22,9.499574327881008e-23
2025-11-25,-0.00040286058659971813,0.006814588119204793,0.018423086565685667,0.017566743298542725,-0.3333333333333333,0.3333333333333333,0.6666666666666666,0.00010749457287292004,-0.0009132157460723563,0.02211540484391467,0.8252570947793245,1,calm,0,risk_off,1.0,2.1965175899459678e-20,1.3164806668660705e-31,2.9543194286628708e-21
2025-11-26,0.011444245877601364,0.015375794474953056,0.0187594322948965,0.017737429018417003,-0.16666666666666666,0.3333333333333333,0.5,0.02308866002357061,-0.00020016826836788404,0.023570729562728418,0.8178121350825003,1,calm,0,risk_off,1.0,1.1554774175515294e-36,3.8299136731444786e-36,4.762057639386866e-24
2025-11-27,-0.0007139664985402564,0.0075565376812690615,0.018554199159551935,0.017774746114908382,-0.16666666666666666,0.3333333333333333,0.5,-0.002568674078516797,0.0011407410814362844,0.023760781888478785,0.814036917295866,1,calm,0,risk_off,1.0,5.353695547848646e-41,3.937026189266827e-37,3.576409099359165e-27
2025-11-28,-0.002066378736651775,0.007529032938963851,0.018464739447246224,0.017831625593410172,-0.16666666666666666,0.3333333333333333,0.5,-0.004917450190074613,0.0007846927167710627,0.023499005763012257,0.815777932509033,1,calm,0,risk_off,1.0,1.407255725942734e-39,7.111609327700782e-37,2.4034449545203706e-26
2025-12-01,-0.030718189691630576,0.033971285477722005,0.01883507688513472,0.01824283536531763,-0.16666666666666666,0.3333333333333333,0.5,-0.06066824627278119,-0.0007681331104799627,0.024192479160142288,0.8253062216773671,3,risk_off,0,risk_off,1.0,1.5618325109290664e-44,2.621671581253447e-29,7.261460305246082e-27
2025-12-02,0.03455309408277324,0.03797740779181085,0.02023731667137987,0.019693668236768602,0.16666666666666666,0.3333333333333333,0.16666666666666666,0.06874120577366583,0.00036498239188065273,0.026966733986709766,0.8498903380112842,2,high_volatility,0,risk_off,1.0,6.035667308196871e-73,1.2265722037229708e-21,6.125220898516757e-37
2025-12-03,0.022372382511981852,0.025621488289131664,0.019675459510473742,0.018970346033426143,0.3333333333333333,0.3333333333333333,0.0,0.04249503791626563,0.0022497271076980705,0.02687234555551765,0.8450913503947338,0,risk_on,0,risk_off,1.0,7.955018238321604e-87,1.768706915474584e-26,1.1953823033751129e-40
2025-12-04,-0.009769927747604601,0.012515041641441101,0.018949086866849926,0.01819483253121748,0.0,0.16666666666666666,0.16666666666666666,-0.02009741047172912,0.0005575549765199176,0.025664749368451874,0.855074911397807,1,calm,0,risk_off,1.0,5.0961529483437243e-54,2.565775496475812e-20,6.932058795384118e-35
2025-12-05,-0.020637461650039084,0.02197017929675905,0.01897429874607443,0.01822569659066507,-0.16666666666666666,0.16666666666666666,0.3333333333333333,-0.03942817713428911,-0.0018467461657890594,0.02561379131901866,0.8562669168712307,1,calm,0,risk_off,1.0,1.213181723408993e-46,1.4194750982532527e-18,3.325699647775986e-34
2025-12-08,0.0090077526766294,0.012287146662341014,0.017892686854311887,0.016741910986697958,0.0,0.16666666666666666,0.16666666666666666,0.017286828852053498,0.0007286765012053017,0.02515189194900397,0.8678353393940874,1,calm,0,risk_off,1.0,4.7684628435065775e-55,4.571156527034681e-20,3.983779548586411e-33
2025-12-09,0.021259808549131416,0.024756509971819624,0.018047738098709364,0.016996932763663763,0.3333333333333333,0.3333333333333333,0.0,0.040691656956329515,0.0018279601419333158,0.025111730460891084,0.8715566123000662,0,risk_on,0,risk_off,1.0,1.1646594540800079e-71,5.480529957299528e-24,1.8605855475306127e-30
2025-12-10,-0.005584553104314938,0.013364807926307096,0.018029249701824065,0.017011116154282475,0.16666666666666666,0.3333333333333333,0.16666666666666666,-0.012131115218108354,0.000962009009478478,0.0249340058882853,0.8711596913338333,1,calm,0,risk_off,1.0,2.125935707801804e-53,2.5375392484406298e-22,3.578858132016026e-29
2025-12-11,-0.00726188472457225,0.013653927000168476,0.017774364789331334,0.01661809851285674,0.0,0.16666666666666666,0.16666666666666666,-0.013927674126154513,-0.0005960953229899868,0.024587029573639695,0.8564380575250268,1,calm,0,risk_off,1.0,9.052510172107002e-54,1.790891117766238e-22,1.4433907184128113e-29
2025-12-12,-0.014806482108511376,0.020628453473555235,0.017978680995609873,0.016901446009701938,0.0,0.3333333333333333,0.3333333333333333,-0.03193135274359719,0.0023183885265744366,0.02482732131058142,0.8564276656452519,1,calm,0,risk_off,1.0,2.7074971850101896e-52,1.7953819879919636e-22,8.950594970213112e-30
2025-12-15,-0.013137724324715994,0.017047911133703443,0.017333503185724415,0.016296313221058723,-0.16666666666666666,0.3333333333333333,0.5,-0.02810903386233495,0.0018335852129029624,0.02331813010406758,0.8632830634111602,1,calm,0,risk_off,1.0,2.1474797683124025e-34,3.302771123957514e-21,2.43451995733773e-24
2025-12-16,0.004851888502174495,0.009021217677021328,0.017343359573147688,0.016230498453237856,-0.16666666666666666,0.3333333333333333,0.5,0.010352915008235394,-0.0006491380038864033,0.02348883666039421,0.8576528613772655,1,calm,0,risk_off,1.0,3.83699679600419e-35,8.7635196204067e-23,5.678703923662177e-26
2025-12-17,-0.017336956303585116,0.020920874092033564,0.017423475997274562,0.016407490750546275,-0.16666666666666666,0.3333333333333333,0.5,-0.03465093792095719,-2.2974686213039774e-05,0.023396564656007705,0.858224472818097,1,calm,0,risk_off,1.0,3.402287047988965e-36,3.6315158457446816e-22,2.4529172632322076e-24
2025-12-18,-0.006928803520750944,0.01371473129974667,0.017018627449716505,0.015761924093465204,-0.16666666666666666,0.3333333333333333,0.5,-0.013236668569220381,-0.000620938472281507,0.023309376437850696,0.8655204570012205,1,calm,0,risk_off,1.0,3.1385048793465153e-34,3.5035136423625464e-22,9.092576211062078e-24
