date_utc,mean_return,return_dispersion,avg_vol_30d,vol_dispersion,avg_trend,pct_uptrend,pct_downtrend,crypto_return,fx_return,btc_vol_30d,avg_pairwise_corr_30d,cluster_kmeans,regime_kmeans,cluster_gmm,regime_gmm,gmm_prob_risk_off,gmm_prob_risk_on,gmm_prob_high_volatility,gmm_prob_calm,feature_mood,regime_mood,market_mood,mood_label
2025-02-03,0.0167371707070536,0.0290002778034128,0.0210149055186219,0.0208188674927446,-0.2,0.1666666666666666,0.3333333333333333,0.0358860870099246,-0.0024117455958173,0.0244603842224785,0.8184582785260793,2,high_volatility,0,risk_off,1.0,5.1470158073861175e-42,7.605700923798523e-55,8.57201995697785e-32,42.814682474348885,4.286009979003627e-30,29.970277732044217,bearish
2025-02-04,-0.0254704721420574,0.0346680411224435,0.0215056755913655,0.0213948177472885,-0.4,0.1666666666666666,0.5,-0.0548447662773693,0.0039038219932544,0.0254004207495201,0.8301035591161056,3,risk_off,0,risk_off,1.0,1.599190016506208e-61,3.0074928821932336e-57,2.86262478323937e-63,33.59101763104355,7.520345708623506e-56,23.513712341730482,bearish
2025-02-05,-0.0033583309045268,0.0165083245004402,0.0213564139443272,0.0213137067742139,-0.2,0.1666666666666666,0.3333333333333333,-0.0064426325654536,-0.0002740292436,0.0243348022301351,0.8232899636199879,1,calm,0,risk_off,1.0,6.599890629198174e-33,3.52660073341865e-53,3.882676539259193e-31,41.26200051895309,2.007337175921578e-29,28.88340036326716,bearish
2025-02-06,-0.0123420128744548,0.0175921495164598,0.0202629692621735,0.0200488702882107,-0.2,0.1666666666666666,0.3333333333333333,-0.023063544060703,-0.0016204816882066,0.022381773337715,0.794443211731149,1,calm,0,risk_off,1.0,3.0025270916837595e-35,8.82919428414205e-81,3.775558285900896e-24,39.173275917147194,1.8877791429804733e-22,27.421293142003034,bearish
2025-02-07,-0.0062143270402927,0.0096227206620851,0.0202649839681074,0.0200184636744125,-0.2,0.1666666666666666,0.3333333333333333,-0.0098278202723938,-0.0026008338081916,0.0220691325761611,0.7958493181999343,1,calm,0,risk_off,1.0,4.992676525167137e-31,2.7561679745036238e-84,1.1742417619582556e-22,41.16558347881624,5.871208859718043e-21,28.815908435171366,bearish
2025-02-10,0.0075143046946536,0.0115280817433097,0.0198685832538903,0.0195490500811354,-0.4,0.1666666666666666,0.5,0.0162536951342758,-0.0012250857449686,0.0211470644312672,0.7878582457353476,1,calm,0,risk_off,1.0,2.792698912951445e-51,2.227435564377924e-114,2.1528048992913698e-48,45.66853715038965,1.0791951485586364e-46,31.967976005272757,cautious
2025-02-11,-0.0084459713310166,0.0095699162844593,0.019928483301609,0.0195667552594776,-0.6,0.1666666666666666,0.6666666666666666,-0.0162871611004615,-0.0006047815615717,0.0214100651793409,0.7846104660951608,1,calm,0,risk_off,1.0,2.848263375943856e-90,3.178476212383869e-149,1.6095445154175867e-93,38.67837178167627,2.8490681482015647e-88,27.074860247173387,bearish
2025-02-12,0.0205398592229682,0.0235915315329757,0.0204057659919834,0.0198892397274967,-0.6,0.1666666666666666,0.6666666666666666,0.0394614916818356,0.0016182267641009,0.0217540819002966,0.8030637908345403,2,high_volatility,0,risk_off,1.0,1.3994039465166414e-85,6.72633612991923e-131,4.26886809891562e-93,47.98479367430501,1.399403967860982e-83,33.5893555720135,cautious
2025-02-13,-0.0047855720077543,0.0117586055150031,0.0201403801619617,0.0194102311382107,-0.4,0.1666666666666666,0.5,-0.0139902513846199,0.0044191073691113,0.0215592351589217,0.7943067574037038,1,calm,0,risk_off,1.0,3.184541509484297e-47,2.4287781797244932e-96,3.9903290384341667e-47,50.204857458527584,5.1797060287013807e-45,35.143400220969305,cautious
2025-02-14,0.0101025617546344,0.0155166120998162,0.0191032340619964,0.0182502147138697,-0.6,0.0,0.5,0.0211656423089422,-0.0009605187996734,0.0202136921789941,0.7649445276121302,1,calm,0,risk_off,1.0,1.6762412686711288e-95,3.6430247167138863e-181,3.276510881881041e-86,44.887806584001396,1.638255442616762e-84,31.421464608800974,cautious
2025-02-17,-0.0012544225594054,0.0189325689114644,0.0175308586371073,0.0160930815210908,-0.4,0.1666666666666666,0.5,-5.411221295329819e-05,-0.0024547329058575,0.01870922036089,0.7278340758324454,1,calm,0,risk_off,1.0,1.2587914680811163e-67,1.108309286670874e-182,1.1579113334017507e-40,46.13009869379571,5.789556667008753e-39,32.29106908565699,cautious
2025-02-18,-0.0091526348800566,0.0140369259853235,0.0169054695791682,0.0152069246522392,-0.2,0.3333333333333333,0.5,-0.0185338915264376,0.0002286217663242,0.0179373580328265,0.719414370718233,1,calm,0,risk_off,0.9999999999998336,2.1081511214429084e-43,5.172404136711253e-164,1.666165412765374e-13,54.086082420985555,8.330827063826871e-12,37.860257694692386,cautious
2025-02-19,0.0069190955871729,0.0080839169585305,0.0169272054410245,0.0152624303498613,-0.2,0.3333333333333333,0.5,0.0138191310451565,1.9060129189322577e-05,0.0179707217744885,0.7270869156219715,1,calm,0,risk_off,0.9999999999999912,1.0869803301134868e-40,3.232396365403218e-155,8.686218996401865e-15,59.82133729597017,4.343109498200932e-13,41.874936107179245,cautious
2025-02-20,0.003189086747329,0.0084497234743828,0.0164271489424365,0.0147527178079418,0.0,0.3333333333333333,0.3333333333333333,0.0088651886813091,-0.002487015186651,0.0166588390305476,0.7241801151280157,1,calm,0,risk_off,0.8889063388354463,1.7512570590800852e-34,3.026641464609233e-165,0.1110936611645535,58.85830482015279,5.554683058227675,42.867218291575256,cautious
2025-02-21,-0.0199027843437393,0.0233049392345779,0.0166856586487735,0.014943802898259,-0.5,0.1666666666666666,0.6666666666666666,-0.0367383430415917,-0.0030672256458869,0.0166076377456171,0.7327608232945124,1,calm,0,risk_off,0.9999996921115828,1.8212681906429696e-26,1.0527252380370515e-139,3.078884171530047e-07,37.9857237692046,1.5394420857650235e-05,26.590011256769476,bearish
2025-02-24,-0.0488881714258959,0.0595993885288687,0.019039565236223,0.017930952688229,-0.5,0.1666666666666666,0.6666666666666666,-0.0972139390012004,-0.0005624038505914,0.0185608744132193,0.8075143479670626,3,risk_off,0,risk_off,0.9999999999922488,1.9880614410507127e-12,8.231897649128467e-52,5.763115933803805e-12,19.335112344073163,4.869619407952615e-10,13.534578640997303,bearish
2025-02-25,-0.0054454695939651,0.0137503829795373,0.0190231123951634,0.0178259839658647,-0.5,0.1666666666666666,0.6666666666666666,-0.0121454164321697,0.0012544772442394,0.0190124539926702,0.7773230001177525,1,calm,0,risk_off,0.99999999778099,1.3542970069238111e-09,3.0115698817313655e-85,8.647129572499523e-10,45.57661883205479,1.7866534855487872e-07,31.903633236037955,cautious
2025-02-26,-0.0245185218284491,0.0301856117913524,0.0195955122288095,0.0181413089420925,-0.3333333333333333,0.3333333333333333,0.6666666666666666,-0.0507922130965817,0.0017551694396835,0.0207694776715713,0.7732250958934843,3,risk_off,0,risk_off,0.9999999999795794,3.978186393389869e-17,2.3058656014778624e-76,2.0420584112624544e-11,39.46926280968195,1.0210331838176205e-09,27.628483967083675,bearish
2025-02-27,0.0011446605936916,0.0096291143041673,0.0195288573632161,0.0181207966366716,-0.3333333333333333,0.3333333333333333,0.6666666666666666,0.0036346990841021,-0.0013453778967189,0.0208884574309483,0.7714089151175463,1,calm,0,risk_off,0.999999999999732,2.369128884570899e-16,5.875915475817541e-87,2.6773382841374096e-13,46.71820058431909,1.3410382709532757e-11,32.702740409027385,cautious
2025-02-28,-0.0094180244797812,0.0146852262514173,0.0194160385871755,0.0179361744791004,-0.5,0.1666666666666666,0.6666666666666666,-0.0191190610773034,0.0002830121177408,0.0201113103677389,0.768345318847031,1,calm,0,risk_off,0.999999999978974,6.435061126633933e-14,3.8578365922093985e-93,2.0961645539794862e-11,42.01453824193407,1.0545173381163771e-09,29.4101767696702,bearish
2025-03-03,-0.0655863556558823,0.0797036652393941,0.0263138165370099,0.0255030935168889,-0.5,0.1666666666666666,0.6666666666666666,-0.1339827320703668,0.002810020758602,0.0313626558484499,0.892217096710338,3,risk_off,2,high_volatility,4.251052208909976e-09,2.6726259924069925e-32,0.9999999957489472,9.061704549526892e-54,0.0,24.99999989372368,7.499999968117104,bearish
2025-03-04,0.0032260765838317,0.0084804319344959,0.0252703787089705,0.024168031376424,-0.3333333333333333,0.3333333333333333,0.6666666666666666,0.0079267718728793,-0.0014746187052159,0.0311618874186473,0.8961047068025193,2,high_volatility,2,high_volatility,6.215836437786859e-15,9.926188279513348e-20,0.9999999999999938,3.61263141053181e-53,31.69455656919406,24.999999999999844,29.686189598435796,bearish
2025-03-05,0.0191928100359872,0.0163773993693574,0.0252425406132904,0.0238733950992318,-0.3333333333333333,0.3333333333333333,0.6666666666666666,0.0331995352488488,0.0051860848231256,0.0311480650659245,0.9040269943958624,2,high_volatility,2,high_volatility,8.786074778104733e-15,2.6070034505960357e-24,0.9999999999999912,2.5924944956062727e-52,46.17230261549037,24.99999999999978,39.8206118308432,cautious
2025-03-06,-0.0058105581925985,0.011933362875392,0.0249095580720253,0.0232221379672533,-0.5,0.1666666666666666,0.6666666666666666,-0.0136316472315924,0.0020105308463953,0.0305404405535591,0.9008097186157172,2,high_volatility,2,high_volatility,2.206250598140393e-14,4.677950169558888e-18,0.999999999999978,6.832746099225459e-47,31.18098508616693,24.99999999999945,29.326689560316687,bearish
2025-03-07,-0.0136747286638873,0.0153713318049286,0.0249771134545333,0.0231838970359274,-0.3333333333333333,0.3333333333333333,0.6666666666666666,-0.0262839801104594,-0.0010654772173152,0.0310838493367132,0.9038208719838712,2,high_volatility,2,high_volatility,3.9060470136243335e-22,8.409546446472096e-21,1.0,1.6654121399458072e-48,26.259281275714592,25.0,25.881496893000214,bearish
2025-03-10,-0.0307866516275951,0.0400587672596643,0.0267849941933133,0.0253601624165378,-0.3333333333333333,0.3333333333333333,0.6666666666666666,-0.0624821022604081,0.0009087990052179,0.0331955050050388,0.9082790098363066,3,risk_off,2,high_volatility,2.191025563142294e-21,3.275866148400464e-31,1.0,2.844528654764349e-59,15.597794999435813,25.0,18.418456499605067,bearish
2025-03-11,0.0255692884831624,0.0312922158974099,0.027496075866367,0.0260678021601455,-0.3333333333333333,0.3333333333333333,0.6666666666666666,0.0519292374218074,-0.0007906604554825,0.0350610556467076,0.9059696489581835,2,high_volatility,2,high_volatility,1.879942733679205e-20,9.860592556921884e-42,1.0,4.66656039768092e-75,31.284770219237757,25.0,29.39933915346643,bearish
2025-03-12,0.0101647511355732,0.0196727670431576,0.0275960915762018,0.0261658120393804,-0.3333333333333333,0.3333333333333333,0.6666666666666666,0.0164163920384385,0.003913110232708,0.0350465480634871,0.8990840315330565,2,high_volatility,2,high_volatility,1.166690830229789e-21,1.594684692656729e-43,1.0,1.0338033678751272e-76,35.94761546995746,25.0,32.66333082897022,cautious
2025-03-13,-0.0159432966349702,0.0187842450779093,0.0276951800534306,0.0262386555111502,-0.3333333333333333,0.3333333333333333,0.6666666666666666,-0.0321045347105548,0.0002179414406143,0.0353073152950232,0.8991933999030038,2,high_volatility,2,high_volatility,6.502114517526269e-26,7.627985391663873e-42,1.0,1.1569720875444027e-77,21.40568474725842,25.0,22.483979323080895,bearish
2025-03-14,0.0154688004972849,0.0211436246372889,0.0276224645199212,0.0260636589704773,-0.5,0.1666666666666666,0.6666666666666666,0.0342138681076413,-0.0032762671130714,0.0357645416523533,0.8987816327170405,2,high_volatility,2,high_volatility,4.851262120989405e-19,7.592403763937205e-44,1.0,1.68680737918348e-84,22.146565623821644,25.0,23.00259593667515,bearish
2025-03-17,0.012672835735196,0.0122042983825459,0.0276340932856792,0.0264033836775632,-0.5,0.1666666666666666,0.6666666666666666,0.0230315118997236,0.0023141595706683,0.0360346946771708,0.9017773668448936,2,high_volatility,2,high_volatility,3.5156063231891375e-17,9.362583736810435e-48,1.0,2.5307457537918696e-92,31.380887419861775,25.0,29.46662119390324,bearish
2025-03-18,-0.0058956407932015,0.014361093970635,0.0276382741661458,0.0264458515375068,-0.3333333333333333,0.1666666666666666,0.5,-0.0146175761287022,0.0028262945422992,0.0360398618128316,0.8992377086830029,2,high_volatility,2,high_volatility,2.310820904941484e-19,1.5322010113398554e-54,1.0,1.921679631263042e-88,28.564326647965192,25.0,27.495028653575634,bearish
2025-03-19,0.029029303315277,0.0327658115785054,0.0282866729460158,0.0271339598394327,-0.1666666666666666,0.1666666666666666,0.3333333333333333,0.0585808850656159,-0.0005222784350619,0.0374092258446623,0.912679253797688,2,high_volatility,2,high_volatility,5.340917518715229e-19,7.847314780598097e-72,1.0,9.029383152598349e-96,32.25900743855328,25.0,30.081305206987295,cautious
2025-03-20,-0.0213292687571111,0.0200212958358014,0.0284069246035873,0.0272867165842867,-0.5,0.1666666666666666,0.6666666666666666,-0.0387525195801696,-0.0039060179340526,0.0377670486378707,0.9145724392621868,2,high_volatility,2,high_volatility,8.262830939075744e-24,5.52307025097182e-55,1.0,1.987527891149667e-106,6.656770292657441,25.0,12.159739204860209,bearish
2025-03-21,-0.0045500655154475,0.0053251924682573,0.0282986184581246,0.0272254427374479,-0.5,0.1666666666666666,0.6666666666666666,-0.0076477862343045,-0.0014523447965905,0.0376738502775517,0.9140879070990012,2,high_volatility,2,high_volatility,1.1450932091546786e-22,9.23696254360334e-54,1.0,3.5874913687304125e-109,18.93091131423568,25.0,20.751637919964974,bearish
2025-03-24,0.019324282460177,0.0251731892555847,0.0284449709963445,0.0274234935643415,0.1666666666666666,0.1666666666666666,0.0,0.0382143818620994,0.0004341830582546,0.0378717710514907,0.9170697081838058,2,high_volatility,2,high_volatility,1.892333691634148e-23,1.6681292015302611e-90,1.0,5.311783327515909e-102,36.98744305953166,25.0,33.39121014167216,cautious
2025-03-25,0.0055138323658425,0.0186772374708694,0.0285598084031407,0.0274822683606078,0.1666666666666666,0.1666666666666666,0.0,0.0113383966593677,-0.0003107319276826,0.0378724951044006,0.9158116815090512,2,high_volatility,2,high_volatility,1.6975857799687936e-27,5.157847935244423e-85,1.0,7.774482357436272e-102,32.363913679651205,25.0,30.15473957575584,cautious
2025-03-26,-0.0029772205834981,0.0157981733463206,0.0270339936520596,0.0256988122608682,0.1666666666666666,0.1666666666666666,0.0,-0.0038637286367905,-0.0020907125302057,0.0368333819010667,0.9071111200610508,2,high_volatility,2,high_volatility,3.593905252428629e-23,7.009891053731544e-85,1.0,1.082413845035934e-96,30.20135311795269,25.0,28.64094718256688,bearish
2025-03-27,-0.0029060739735647,0.010530391403305,0.0269824024307602,0.0256886290292624,0.0,0.0,0.0,-0.0075378412904539,0.0017256933433245,0.0363723301934726,0.9133715390148006,2,high_volatility,2,high_volatility,7.8924152020054e-21,1.49673908087088e-75,1.0,4.118753378136416e-94,33.82024214993122,25.0,31.174169504951852,cautious
2025-03-28,-0.0227884804383157,0.02750125229716,0.0268493746262135,0.0256903690570329,-0.1666666666666666,0.1666666666666666,0.3333333333333333,-0.0466838158434319,0.0011068549668005,0.0356510347082489,0.9184003941833568,2,high_volatility,2,high_volatility,6.637235658158055e-17,1.2600801528932377e-56,1.0,6.051220640625471e-82,21.377648761236465,25.0,22.464354132865523,bearish
2025-03-31,0.0004407827816021,0.0053519473094731,0.0269595587560275,0.0258458226874645,-0.5,0.1666666666666666,0.6666666666666666,0.0034995554363447,-0.0026179898731405,0.0356404723450722,0.9244406113528748,2,high_volatility,2,high_volatility,6.685646177653688e-18,7.554566378669943e-38,1.0,2.7805737706105923e-90,21.095646743478756,25.0,22.26695272043513,bearish
2025-04-01,0.0204223742660989,0.02265002554203,0.0239026870373174,0.0224472013979799,-0.5,0.0,0.5,0.0406158941682663,0.0002288543639316,0.0313114279284462,0.9017356553078396,2,high_volatility,2,high_volatility,6.091814695057519e-06,4.974060367158543e-32,0.9999939081853048,1.3721886894564087e-55,35.15520902176735,24.999847704632618,32.108600626626924,cautious
2025-04-02,-0.0248690584446019,0.0285123917019386,0.0207249445800667,0.0187487317388985,-0.6666666666666666,0.0,0.6666666666666666,-0.0492975500963868,-0.0004405667928171,0.0276974317687941,0.8694530674861541,3,risk_off,0,risk_off,0.9996032192485051,1.0956573984650966e-26,0.0003967807514949,4.859082225924524e-37,22.462208599259586,0.009919518787372501,15.726521875117921,bearish
2025-04-03,0.0015103757803648,0.0106048760639137,0.0208191819436013,0.0186453094515749,-0.6666666666666666,0.1666666666666666,0.8333333333333334,0.0036336822611407,-0.000612930700411,0.0276345480039487,0.8677312332664959,2,high_volatility,0,risk_off,0.9988466002025546,1.1073543939853114e-19,0.0011533997974454,4.215835823254545e-40,34.89508485910683,0.02883499493613501,24.43520989985562,bearish
2025-04-04,0.010108859343672,0.0237480365333796,0.0207189289805101,0.0187116411751855,-0.6666666666666666,0.1666666666666666,0.8333333333333334,0.021223510051645,-0.0010057913643009,0.026673325081783,0.857986221646664,2,high_volatility,0,risk_off,0.9999964445495436,1.8254838191467282e-19,3.5554504562661915e-06,2.8142215418731367e-35,35.36603008693331,8.888626140667304e-05,24.756247726731736,bearish
2025-04-07,-0.0021454082618433,0.0093417730358287,0.0225796157832937,0.020788458246194,-0.6666666666666666,0.1666666666666666,0.8333333333333334,-0.0016480188693106,-0.0026427976543759,0.0282542541401853,0.8973895620288598,2,high_volatility,2,high_volatility,4.7257896531463264e-08,1.9996191987049355e-12,0.9999999527401038,5.84230803402942e-42,26.89576884052493,24.999998818702554,26.327037833978217,bearish
2025-04-08,-0.020385676310833,0.0294361207727013,0.0214997576247151,0.0190241620791391,-0.6666666666666666,0.1666666666666666,0.8333333333333334,-0.0460116180948392,0.0052402654731732,0.026594597561142,0.8855532981687705,3,risk_off,2,high_volatility,1.2386272806573904e-07,8.502954751379617e-16,0.9999998761372711,1.916685032745177e-30,32.85000254043472,24.999996903431864,30.495000849333863,cautious
2025-04-09,0.0571116968325294,0.0661863624152703,0.023755605703683,0.0212373829718574,-0.5,0.1666666666666666,0.6666666666666666,0.1150384694839054,-0.0008150758188465,0.0303175178233579,0.9098534701293332,2,high_volatility,2,high_volatility,5.80955968924279e-18,8.352669327767891e-39,1.0,2.4940800755789913e-38,39.416917159178155,25.0,35.0918420114247,cautious
2025-04-10,-0.0270439059530717,0.0366767691131096,0.0238522040510176,0.0213440998984727,-0.5,0.1666666666666666,0.6666666666666666,-0.0559063782466819,0.0018185663405385,0.0293748236242474,0.9111574171723288,3,risk_off,2,high_volatility,1.4585182061906277e-17,2.7564902780545054e-18,1.0,4.637537201609534e-34,21.619899412952876,25.0,22.633929589067012,bearish
2025-04-11,0.0205889464927615,0.0276388044228113,0.0245226641744257,0.0210789022294443,-0.3333333333333333,0.1666666666666666,0.5,0.0399326074556981,0.001245285529825,0.030672318430228,0.9152920180509212,2,high_volatility,2,high_volatility,7.444201722462302e-33,1.3919426859765072e-25,1.0,4.379921447594208e-32,39.85606727059877,25.0,35.399247089419134,cautious
2025-04-14,0.0014747872400016,0.0144717051051167,0.0245146459462441,0.0212126093777031,-0.3333333333333333,0.1666666666666666,0.5,0.0008025103894092,0.0021470640905939,0.0299203911306803,0.9124038111481292,2,high_volatility,2,high_volatility,1.900410697410021e-36,5.535355524462449e-20,1.0,1.136778744623967e-29,37.722853657858764,25.0,33.905997560501135,cautious
2025-04-15,-0.0116486721982954,0.0125734827784259,0.0243940201749732,0.0211359085862775,-0.3333333333333333,0.1666666666666666,0.5,-0.0215202498042674,-0.0017770945923234,0.0297271011256103,0.912511782225062,2,high_volatility,2,high_volatility,6.184143558821424e-40,7.933900186808643e-18,1.0,1.0265811236465489e-29,27.689281122246648,25.0,26.882496785572652,bearish
2025-04-16,-0.0004921239880449,0.0056660116540673,0.0242400868128764,0.0210189352645692,-0.5,0.1666666666666666,0.6666666666666666,0.0017225958735456,-0.0027068438496356,0.0295707469346706,0.9110761707976912,2,high_volatility,2,high_volatility,9.361397778425609e-36,1.0821368789248835e-16,1.0,6.894894030517853e-34,28.597845449264383,25.00000000000001,27.51849181448507,bearish
2025-04-17,0.0036870926900038,0.0074884061705652,0.0241293232262352,0.0210084586188237,-0.5,0.1666666666666666,0.6666666666666666,0.007630860055289,-0.0002566746752814,0.029473019861192,0.9166306143614712,2,high_volatility,2,high_volatility,5.938846615593033e-32,7.888952478063834e-16,0.9999999999999992,3.8559905194627726e-33,33.53006136376527,25.00000000000006,30.971042954635706,cautious
2025-04-22,0.0497869285284432,0.0586233711943874,0.0252006864942182,0.022299225979831,-0.1666666666666666,0.1666666666666666,0.3333333333333333,0.1004492201422652,-0.0008753630853787,0.0300541527986463,0.920064117148832,2,high_volatility,2,high_volatility,7.224053047096787e-33,2.541217006370231e-34,1.0,3.414849994637507e-24,41.98795225180758,25.0,36.891566576265305,cautious
2025-04-23,0.0041740025142926,0.0123019524690102,0.0250880609034761,0.0217868559257297,-0.1666666666666666,0.1666666666666666,0.3333333333333333,0.0084495735349319,-0.0001015685063466,0.0299468332075547,0.9191075441648696,2,high_volatility,2,high_volatility,8.224106653478262e-48,2.4143736114462322e-18,1.0,9.478443777825574e-26,37.211593117167524,25.0,33.54811518201727,cautious
2025-04-24,0.0025841303567975,0.0116615868137668,0.0250231624366966,0.0216860505894225,0.0,0.3333333333333333,0.3333333333333333,0.003574567132056,0.0015936935815389,0.0299381895810112,0.924962072686303,2,high_volatility,2,high_volatility,3.497126887879956e-59,7.087466528724753e-20,1.0,2.6700935767512147e-25,43.00823222850868,25.0,37.60576255995608,cautious
2025-04-25,0.0016236010786394,0.0058182615113668,0.0249398173088667,0.0216320829221567,0.0,0.3333333333333333,0.3333333333333333,0.003682072964106,-0.0004348708068271,0.0299037664867691,0.9319427514017096,2,high_volatility,2,high_volatility,2.606969036286915e-63,3.5592941659453054e-17,1.0,1.1223531518922236e-25,40.42111124751612,25.000000000000004,35.79477787326129,cautious
2025-04-28,0.0036843470132633,0.0059744568784169,0.024192706208739,0.0207355084236778,0.0,0.3333333333333333,0.3333333333333333,0.0054686348320558,0.0019000591944708,0.0289149822066968,0.9274537899310684,2,high_volatility,2,high_volatility,3.2744850643461584e-60,1.2418275649977753e-17,1.0,1.986398373095892e-21,46.465539412033856,25.0,40.0258775884237,cautious
2025-04-29,-0.0070415970727908,0.0104908172544027,0.0242395539091901,0.0207375935768996,0.0,0.3333333333333333,0.3333333333333333,-0.0112920984614988,-0.0027910956840829,0.0289805569708528,0.9252687309594094,2,high_volatility,2,high_volatility,1.47964928338658e-65,2.269387856975778e-16,0.9999999999999996,1.681905245339232e-22,34.61199402312398,25.00000000000001,31.728395816186787,cautious
2025-04-30,-0.0030600729076898,0.0055859159495487,0.0242505904305316,0.020761557303257,0.0,0.3333333333333333,0.3333333333333333,-0.0058640879645811,-0.0002560578507985,0.0289952503644927,0.9253008872314864,2,high_volatility,2,high_volatility,9.66926274494658e-64,8.430052651189535e-17,1.0,3.145487538150664e-22,40.84079518084763,25.000000000000007,36.08855662659334,cautious
2025-05-01,0.015202312215193,0.0219851507935666,0.024214953827758,0.0206064242164672,0.0,0.3333333333333333,0.3333333333333333,0.0331284071000617,-0.0027237826696756,0.0287952639357378,0.9227157523833712,2,high_volatility,2,high_volatility,1.2077653898240796e-60,1.3569312324307698e-18,1.0,3.284252064860076e-20,40.170951230705356,25.0,35.61966586149374,cautious
2025-05-02,0.0045738169858262,0.0066070220866145,0.0237461101570329,0.0198586986691633,0.3333333333333333,0.5,0.1666666666666666,0.0036459800027797,0.0055016539688726,0.0279804775640172,0.9182727370027192,2,high_volatility,2,high_volatility,5.417717378526378e-83,1.9161055166768684e-24,0.9999999999999916,8.390846234850143e-15,60.290769500894946,25.00000000000021,49.70353865062653,neutral
2025-05-05,0.0009970485439694,0.0044222873570388,0.0237525388011785,0.0198185692026191,0.1666666666666666,0.3333333333333333,0.1666666666666666,0.0037643110541841,-0.0017702139662452,0.0283640569443684,0.9294161409888516,2,high_volatility,2,high_volatility,1.2248548315278391e-80,1.0504385645038842e-18,1.0,2.9579591435090824e-18,43.89649703624662,25.0,38.22754792537263,cautious
2025-05-06,0.0031675932085639,0.0108524481791505,0.0212773834668694,0.0168655904178679,0.0,0.3333333333333333,0.3333333333333333,0.0100659330070818,-0.0037307465899539,0.0256308478759574,0.9053608925429556,1,calm,2,high_volatility,5.612819012703438e-65,7.438254729554774e-17,0.9999999997782284,2.217716240171324e-10,43.00623689633229,25.000000005544297,37.60436582909589,cautious
2025-05-07,0.0005267129139327,0.0041455742303449,0.0212629665693369,0.0168007185641624,0.0,0.3333333333333333,0.3333333333333333,-0.0006415277042516,0.0016949535321171,0.0256432713887733,0.9090925774762034,1,calm,2,high_volatility,1.1385124818676556e-64,6.337528518478449e-18,0.9999999983139614,1.6860386527940936e-09,52.001565803856934,25.00000004215097,43.90109607534514,cautious
2025-05-08,0.0728031747191147,0.0928234685263644,0.0248258019012831,0.0219249015603679,0.3333333333333333,0.5,0.1666666666666666,0.1446914390431665,0.0009149103950628,0.0262904512197522,0.8996727329110895,2,high_volatility,3,calm,3.403419186623646e-53,2.2945189386822267e-43,8.634186411285932e-07,0.9999991365813582,58.614028229732206,49.99997841453394,56.02981328517272,neutral
2025-05-09,0.0198162315264563,0.0259962004224703,0.0229595765711918,0.0195136583461916,0.5,0.5,0.0,0.0320564369707877,0.0075760260821249,0.0225018843757167,0.8590885888869356,0,risk_on,3,calm,2.1849665925949124e-70,3.921270790222199e-17,2.771739689393534e-28,1.0,72.48325012407382,50.00000000000001,65.73827508685167,bullish
2025-05-12,-0.0054855296250191,0.0048802879278913,0.0250622167083748,0.0233044624176072,0.5,0.5,0.0,-0.0080590601691445,-0.0029119990808937,0.0199318806968874,0.7769658046240959,0,risk_on,1,risk_on,7.636964046164432e-69,0.999999833173621,1.494754963537927e-203,1.668263789942773e-07,50.43892500688296,99.99999165868104,65.30724500242238,bullish
2025-05-13,0.021549502373259,0.0319273108855821,0.0251395192745528,0.0232036498390982,0.3333333333333333,0.5,0.1666666666666666,0.0430954637180097,3.541028508339631e-06,0.0194160485910845,0.7687280981071453,0,risk_on,1,risk_on,5.377900434077804e-51,0.999978273150824,2.143781535050456e-206,2.172684917620115e-05,56.69309065928775,99.99891365754121,69.68483755876377,bullish
2025-05-14,-0.0101626706184212,0.0160770175340971,0.0253142446571528,0.0233960033814149,0.3333333333333333,0.5,0.1666666666666666,-0.0216420685970421,0.0013167273601996,0.0195535867821448,0.7784341716693471,0,risk_on,1,risk_on,1.2364507756862093e-63,0.9999998954093456,5.488678414263916e-191,1.0459065430576705e-07,50.708977192847584,99.99999477046728,65.4962824661335,bullish
2025-05-15,-0.0133527829145706,0.0239738701772715,0.0254473403770119,0.0236540441137412,0.5,0.5,0.0,-0.0262881781163046,-0.0004173877128367,0.0192695807603804,0.770546998769853,0,risk_on,1,risk_on,3.145331425119574e-67,0.9999999889410188,1.1961199902149747e-220,1.1058981226625181e-08,48.31290732281644,99.99999944705094,63.81903496008679,neutral
2025-05-16,-0.0009241441740561,0.0052302691329895,0.0254593843663735,0.023635834305526,0.5,0.5,0.0,0.000354414368169,-0.0022027027162813,0.019353843474542,0.7709612395711228,0,risk_on,1,risk_on,2.841132579155014e-75,0.99999999618526,2.781171266002236e-231,3.814740038222045e-09,52.89701840944572,99.999999809263,67.0279128293909,bullish
2025-05-19,-0.0058069798167074,0.016652608838144,0.0260298458375677,0.0245363618624799,0.5,0.5,0.0,-0.0109560691169354,-0.0006578905164795,0.0200334586845959,0.7622156862203423,0,risk_on,1,risk_on,6.47286942128651e-65,0.9999999685186453,3.946961011609481e-243,3.1481354627380075e-08,50.64688417950182,99.99999842593226,65.45281845343095,bullish
2025-05-20,0.0032389798344869,0.0059906138540046,0.0258662283540257,0.0245057452890917,0.5,0.5,0.0,0.0063520387121072,0.0001259209568666,0.020014800793019,0.7589081592849801,0,risk_on,1,risk_on,2.3976259633565648e-63,0.9999999132813062,4.788925846608617e-249,8.67186938734178e-08,57.04246352316085,99.99999566406531,69.92972316543218,bullish
2025-05-21,0.012212697148511,0.0149500121475712,0.0258327566579669,0.0245081153453519,0.5,0.6666666666666666,0.1666666666666666,0.0236547318509947,0.0007706624460273,0.0199758372948243,0.7659602714994476,0,risk_on,1,risk_on,4.648489306789599e-64,0.9999999505783508,1.0385451733402388e-218,4.942164941921105e-08,59.95081169660732,99.99999752891755,71.96556744630038,bullish
2025-05-22,0.0187561555205551,0.0229771450580904,0.0241652505345716,0.0233277719482854,0.5,0.6666666666666666,0.1666666666666666,0.0373088349412949,0.0002034760998152,0.0165589820439143,0.7414562840952557,0,risk_on,1,risk_on,1.9639562979120815e-47,0.999999998831294,3.2082507177080404e-276,1.1687061473954703e-09,63.732922110720196,99.9999999415647,74.61304545997355,bullish
2025-05-23,-0.0289053391137043,0.0350571916966266,0.0251077379843902,0.0242963821995313,0.5,0.6666666666666666,0.1666666666666666,-0.058056625911302,0.0002459476838932,0.0185167092821314,0.7600888343501918,0,risk_on,1,risk_on,4.6392740799547145e-51,0.9999999962307026,4.4049373760736564e-222,3.769297457890414e-09,43.362442587136,99.99999981153512,60.353709754455735,neutral
2025-05-26,0.0008739738016753,0.0070264486919971,0.0250936502923959,0.0242029917417569,0.5,0.6666666666666666,0.1666666666666666,0.0043634948277284,-0.0026155472243778,0.018525951624046,0.7638268355471448,0,risk_on,1,risk_on,1.5027834378134492e-62,0.9999999986339227,4.5568261080205374e-237,1.3660772492202802e-09,53.60702018957255,99.99999993169614,67.52491411220963,bullish
2025-05-27,0.0055724468650304,0.0160625861007422,0.0245215551483676,0.0245937207140333,0.1666666666666666,0.5,0.3333333333333333,0.0113409828621524,-0.0001960891320916,0.0184157195981736,0.754497550014516,0,risk_on,1,risk_on,4.317306602980016e-27,0.9999999894169423,1.204765384644388e-235,1.0583057612149504e-08,51.472598576945856,99.99999947084711,66.03081884511623,bullish
2025-05-28,-0.0028720257165403,0.0124520124014257,0.0246169531202499,0.0246330164520786,0.3333333333333333,0.5,0.1666666666666666,-0.0085882137775899,0.0028441623445092,0.0185670901303184,0.7573028874150848,0,risk_on,1,risk_on,7.627142857823952e-33,0.99999576955556,2.8404021788614245e-231,4.230444439876176e-06,56.80753788886396,99.999788477778,69.76521306553818,bullish
2025-05-29,-0.0109010067474212,0.0143126851671292,0.0248190653522105,0.0246268673129904,0.1666666666666666,0.1666666666666666,0.0,-0.0223748174269861,0.0005728039321436,0.019002420827151,0.7578364462497794,1,calm,1,risk_on,1.2769873504803167e-28,0.9999880851062418,1.1561646500199762e-256,1.19148937581811e-05,45.621808326880746,99.9994042553121,61.93508710541015,neutral
2025-05-30,-0.0253203212105307,0.0397912514964663,0.0256215253916292,0.0255556390279708,0.0,0.1666666666666666,0.1666666666666666,-0.0504499413115395,-0.000190701109522,0.0192846587660164,0.7642725439050757,3,risk_off,1,risk_on,2.514752111092253e-22,0.9999999313098956,9.971091992674205e-244,6.869010425075413e-08,30.73772552608278,99.99999656549478,51.51640683790638,neutral
2025-06-02,0.0061135226160292,0.0107918401800813,0.0253156647965189,0.0253703827619044,0.1666666666666666,0.3333333333333333,0.1666666666666666,0.0122412574171422,-1.421218508379507e-05,0.0187248104150571,0.7607625555001998,2,high_volatility,1,risk_on,5.417494265281926e-33,0.999999984953194,1.582176890367383e-260,1.5046806051884206e-08,50.790638157511644,99.9999992476597,65.55344648455606,bullish
2025-06-03,-0.0037434036610008,0.0069054505812935,0.0251797333925819,0.0252964703531868,0.0,0.3333333333333333,0.3333333333333333,-0.00664144496225,-0.0008453623597516,0.0184027848842947,0.7598211338362858,2,high_volatility,1,risk_on,4.6184959436740246e-29,0.9999999990050964,1.9478508972252328e-255,9.94903497562302e-10,44.42911882743307,99.9999999502548,61.10038316427959,neutral
2025-06-04,-0.0032439276085626,0.0129171850221913,0.0251473870175921,0.0254532918176025,0.1666666666666666,0.3333333333333333,0.1666666666666666,-0.009068813135412,0.0025809579182866,0.0185005507089684,0.7601419181785927,0,risk_on,1,risk_on,4.994057027259355e-31,0.999999979594116,1.2405347807271363e-253,2.0405883977161133e-08,51.65997708150623,99.9999989797058,66.16198365096609,bullish
2025-06-05,-0.0328982990051751,0.0405838801513902,0.0260664616907616,0.0265968430767733,0.1666666666666666,0.3333333333333333,0.1666666666666666,-0.0650960435602984,-0.0007005544500517,0.0191487233701854,0.7924149101501773,3,risk_off,1,risk_on,6.0357588460934e-29,0.9999999997191364,6.929351179171286e-212,2.808636398344236e-10,29.061155657970133,99.99999998595682,50.342808956366135,neutral
2025-06-06,0.0179539658615535,0.01815031967973,0.0262443225423391,0.0267141928106725,0.0,0.1666666666666666,0.1666666666666666,0.033192070376736,0.002715861346371,0.0197321293181026,0.7891098809570516,2,high_volatility,1,risk_on,5.345994686847432e-31,0.999999993786758,2.8095048933988893e-231,6.213241699863042e-09,51.413783393736466,99.99999968933788,65.98964828241688,bullish
2025-06-09,0.0286453376752761,0.0316148823346219,0.0186683441749359,0.0161343073745708,0.6666666666666666,0.6666666666666666,0.0,0.0563188896039256,0.0009717857466265,0.0175762777269065,0.7942669582392464,0,risk_on,3,calm,4.867103783697368e-35,1.3201500284313728e-24,4.796584593973583e-89,1.0,76.3719619586399,50.0,68.46037337104792,bullish
2025-06-10,0.0114933123191134,0.0204169859866139,0.0184363177315668,0.0157946535338873,0.6666666666666666,0.6666666666666666,0.0,0.0228579155870691,0.0001287090511578,0.0175094196420103,0.7810739134457988,0,risk_on,3,calm,5.623245978621295e-36,1.2698131056570308e-22,1.9564351160480692e-103,1.0,72.22756440927293,50.0,65.55929508649105,bullish
2025-06-11,-0.0094702158235436,0.0119942647095964,0.0185063229243025,0.015884966281929,0.5,0.6666666666666666,0.1666666666666666,-0.0195010762732856,0.0005606446261982,0.0175699580413333,0.7877307984693142,0,risk_on,3,calm,1.2281090887978944e-36,1.3358120667487511e-14,1.6070462402493358e-88,0.9999999999999868,64.45589764647431,50.000000000000675,60.119128352532215,neutral
2025-06-12,-0.0224233163130866,0.0269416580629541,0.0183551168697353,0.0157243732647971,0.1666666666666666,0.3333333333333333,0.1666666666666666,-0.0447677561397394,-7.887648643378764e-05,0.0182206569001603,0.8084303074992906,1,calm,3,calm,9.04553421634551e-19,1.165533204415154e-14,4.577477635734127e-60,0.9999999999999885,48.78951923189648,50.00000000000059,49.15266346232771,neutral
2025-06-13,-0.0034948866077064,0.0114404365647494,0.0182315319024765,0.0156869639361998,0.0,0.3333333333333333,0.3333333333333333,-0.0081431914974846,0.0011534182820717,0.0181894838138146,0.7998120090608726,1,calm,3,calm,2.9359764926185893e-13,8.61511645093119e-11,1.100192973931495e-64,0.9999999999135551,57.3480846742147,50.00000000429287,55.14365927323814,neutral
2025-06-16,0.0006968360581982,0.0098069424096894,0.0179951483602802,0.0151782112781102,0.3333333333333333,0.5,0.1666666666666666,-0.0016239756801553,0.0030176477965518,0.0183142268836676,0.8057851318180264,0,risk_on,3,calm,1.2034504586418971e-26,2.7690669125989245e-17,1.722353291739186e-59,1.0,68.64271472205782,50.0,63.04990030544047,neutral
2025-06-17,-0.0087015394118935,0.0108696486979818,0.0172711495809175,0.0140528213566775,0.1666666666666666,0.3333333333333333,0.1666666666666666,-0.0181646147243349,0.0007615359005479,0.0178035764495531,0.8257982057878744,1,calm,3,calm,2.2104367829314997e-27,2.555364020558932e-16,8.351707750896865e-42,0.9999999999999998,59.15269978072834,50.000000000000014,56.40688984650984,neutral
2025-06-18,0.0030955011087248,0.0048155427590799,0.0172119392385759,0.0139828553687915,0.1666666666666666,0.3333333333333333,0.1666666666666666,0.0056827999323901,0.0005082022850594,0.0177556108392071,0.8355557229489193,1,calm,3,calm,1.1025562736457545e-29,3.3193697601267603e-15,2.9032953493710917e-36,0.9999999999999968,63.55247712643606,50.00000000000017,59.486733988505286,neutral
2025-06-19,-0.0005010001520665,0.0022478759942717,0.0171639506702671,0.013963968884876,0.1666666666666666,0.3333333333333333,0.1666666666666666,-0.0008558532486537,-0.0001461470554793,0.017611947242893,0.8380968048321091,1,calm,3,calm,4.099304357304888e-31,1.5388920942590622e-14,1.2801861573858501e-35,0.9999999999999848,61.824958459502106,50.00000000000078,58.277470921651705,neutral
2025-06-20,-0.0173283166148854,0.0243234002029603,0.0169398500666118,0.014396719398338,0.1666666666666666,0.3333333333333333,0.1666666666666666,-0.0361713804132801,0.0015147471835093,0.0169928079839484,0.8457418756621969,1,calm,3,calm,1.4890990355556062e-20,2.0260301257375915e-15,4.3492034022922916e-31,0.999999999999998,54.83937421372899,50.00000000000011,53.387561949610316,neutral
2025-06-23,0.0358851717778544,0.0399083200471771,0.017522949612078,0.0151892159876497,0.5,0.6666666666666666,0.1666666666666666,0.0698196734815941,0.0019506700741147,0.0173546678701136,0.8555918712084202,0,risk_on,3,calm,5.8369575742774565e-33,3.217623266935976e-23,5.773340272241498e-34,1.0,75.82987128114665,50.0,68.08090989680265,bullish
2025-06-24,0.0060671826629152,0.0076318389786055,0.0173501419815733,0.0154335857869669,0.5,0.6666666666666666,0.1666666666666666,0.0113005933732947,0.0008337719525357,0.0172599082925288,0.8579554058585547,0,risk_on,3,calm,2.4840702656955595e-34,8.342251822488175e-14,2.378576014941707e-37,0.9999999999999164,70.06332857405154,50.000000000004164,64.04433000183732,neutral
2025-06-25,-0.0027381831386857,0.008366865691992,0.0173639760758425,0.0154191653613289,0.3333333333333333,0.5,0.1666666666666666,-0.0023690410749077,-0.0031073252024636,0.0173954894601109,0.8494990984112899,1,calm,3,calm,4.428187554666552e-26,1.3090305376694899e-12,3.373943154422045e-40,0.9999999999986908,57.3812735428749,50.00000000006545,55.166891480032064,neutral
2025-06-26,-0.0042236284088985,0.0119636981978271,0.0172166867246807,0.015291492157997,0.3333333333333333,0.6666666666666666,0.3333333333333333,-0.0107709256004054,0.0023236687826082,0.017388688484705,0.8630120890572458,0,risk_on,3,calm,4.308877009286522e-28,1.0302249636082818e-10,3.0551907937937274e-28,0.9999999998969776,65.48346485602569,50.000000005151136,60.83842540076332,neutral
2025-06-27,0.0008715583715653,0.0035209891619795,0.0171967008386989,0.0152980092765096,0.1666666666666666,0.5,0.3333333333333333,0.0033011675833118,-0.0015580508401811,0.0172828173250862,0.8686382997709364,1,calm,3,calm,3.0432329000215332e-24,6.081489030179453e-08,1.3549923117110499e-28,0.9999999391851097,58.83566286969125,50.00000304074452,56.18496492100723,neutral
2025-06-30,-0.0071366954781936,0.0100211158022052,0.016565831244361,0.014422753459628,0.1666666666666666,0.3333333333333333,0.1666666666666666,-0.0140488766398933,-0.000224514316494,0.0167928047320613,0.8838096552402606,1,calm,3,calm,4.657661267565977e-25,3.706664508329747e-13,2.948217100698031e-26,0.9999999999996294,57.25705253818216,50.00000000001854,55.079936776733064,neutral
2025-07-01,-0.0145903864593693,0.0200514340632453,0.0168018140828161,0.0147000339189633,-0.1666666666666666,0.1666666666666666,0.3333333333333333,-0.0302334418477114,0.0010526689289727,0.0169056402979547,0.8877328947579014,1,calm,3,calm,6.641480885920182e-15,6.568371523441659e-11,5.7545346851320434e-21,0.9999999999343095,48.19035350977502,50.00000000328385,48.733247457827666,neutral
2025-07-02,0.0276985064463632,0.0342276731547144,0.0176850018581942,0.0158244644177912,0.1666666666666666,0.1666666666666666,0.0,0.0560770324776226,-0.0006800195848961,0.017765805220752,0.903333636703593,1,calm,3,calm,4.957634721715011e-23,9.41518531931974e-20,3.2769831517769765e-30,1.0,60.138277197890254,50.0,57.09679403852318,neutral
2025-07-03,0.0059228015399269,0.0075646277908174,0.0177160216957351,0.0158928893449576,0.1666666666666666,0.1666666666666666,0.0,0.0115071635743129,0.0003384395055408,0.0177653576099909,0.9025685439094838,1,calm,3,calm,3.68699358219575e-26,7.957391748578657e-12,1.822676427731646e-31,0.9999999999920426,59.438372785043725,50.00000000039787,56.60686094964997,neutral
2025-07-04,-0.0164173599865488,0.0224876657331299,0.0179865155762541,0.0162131782159114,0.1666666666666666,0.3333333333333333,0.1666666666666666,-0.033248597274252,0.0004138773011543,0.0179495365995445,0.9089561883371924,1,calm,3,calm,4.697039693797706e-26,3.119471738950786e-09,5.07798215050401e-26,0.9999999968805282,49.584241796604864,50.00000015597359,49.708969304415476,neutral
2025-07-07,-0.0069318983561538,0.0096470576919035,0.016439165537962,0.0146518136652221,0.1666666666666666,0.1666666666666666,0.0,-0.0143952676496272,0.0005314709373196,0.0162763306698131,0.891320250434787,1,calm,3,calm,1.9879587908219556e-22,9.568314440018768e-15,2.927274285824266e-34,0.9999999999999905,57.80340261744345,50.00000000000048,55.46238183221055,neutral
2025-07-08,0.0106998357142893,0.0115092191122699,0.0166092477295321,0.0147220154434616,0.5,0.5,0.0,0.0178930801775164,0.0035065912510621,0.0163060207218006,0.8908901429007027,0,risk_on,3,calm,1.6095395553033918e-33,9.850522721336501e-18,1.0906177487691453e-32,1.0,74.90296503593986,50.0,67.4320755251579,bullish
2025-07-09,0.0232342238867304,0.0277260355914953,0.01619696477511,0.0146075453957774,0.5,0.5,0.0,0.0453383300243151,0.0011301177491456,0.0148268174591641,0.8890129102916428,0,risk_on,3,calm,1.504966522882521e-29,4.1699568842847824e-20,1.4397162870895772e-42,1.0,73.25363004218696,50.0,66.27754102953087,bullish
2025-07-10,0.030689397463278,0.0372802843256216,0.0170386430794893,0.0156589511863989,0.5,0.5,0.0,0.0628551487240894,-0.0014763537975333,0.0167136213006078,0.9201127684798616,0,risk_on,3,calm,3.2565511829716176e-32,6.033842627540139e-22,2.4948583771964475e-44,1.0,66.85726047383508,50.0,61.80008233168456,neutral
2025-07-11,0.0076366727863574,0.0125371922366113,0.016808597619041,0.0157858826538893,0.5,0.5,0.0,0.015581646445371,-0.0003083008726562,0.016538309118163,0.915433247993778,0,risk_on,3,calm,2.07658572677686e-30,5.485916601345604e-15,1.3438738146545602e-48,0.9999999999999946,65.9472749911647,50.00000000000028,61.16309249381537,neutral
2025-07-14,0.0034218315262161,0.0069552619609107,0.0160411807328689,0.0148770482948582,0.6666666666666666,0.6666666666666666,0.0,0.0048008019784715,0.0020428610739607,0.0155721772577846,0.9083277462074628,0,risk_on,3,calm,1.4930919893684542e-38,7.131157787231553e-19,2.1291095221129405e-50,1.0,74.62093324161793,50.0,67.23465326913255,bullish
2025-07-15,0.0059975086846832,0.0192607771545621,0.0160961318758365,0.015049637330982,0.6666666666666666,0.6666666666666666,0.0,0.0107499879563999,0.0012450294129665,0.0160650607255449,0.8631350949015597,0,risk_on,3,calm,3.396184345066484e-23,8.513097575414457e-26,3.759225065247934e-50,1.0,72.85166846712445,50.0,65.99616792698711,bullish
2025-07-16,0.0254220249430223,0.0360840583146566,0.0166652661917589,0.0159985290784956,0.6666666666666666,0.6666666666666666,0.0,0.050245856212029,0.0005981936740157,0.0160098805793362,0.8534008932172515,0,risk_on,3,calm,9.666475712951168e-19,4.1035865468519395e-30,2.1398354424658968e-59,1.0,74.35907668076577,50.0,67.05135367653602,bullish
2025-07-17,0.0098910606969325,0.0153697151070318,0.0164717007682871,0.0159588411971579,0.8333333333333334,0.8333333333333334,0.0,0.0210843568947134,-0.0013022355008482,0.0153092908652952,0.8534649732257164,0,risk_on,3,calm,1.3887335817621724e-31,2.0748582814794866e-25,4.489193444650074e-71,1.0,73.95976658861173,50.0,66.77183661202821,bullish
2025-07-18,0.0154918680164794,0.0332518851231334,0.0168655732127465,0.0165581017832407,0.8333333333333334,0.8333333333333334,0.0,0.0299497555100521,0.0010339805229067,0.0155511773398442,0.7962858201400138,0,risk_on,3,calm,6.205349802880012e-18,3.217117948049486e-41,2.7178673773711713e-103,1.0,77.09037116235169,50.0,68.96325981364618,bullish
2025-07-21,-0.0005898444175623,0.0038268061502749,0.0165898956758506,0.0167146478784921,0.8333333333333334,0.8333333333333334,0.0,-0.0019885510970778,0.0008088622619532,0.0150333840040375,0.6877575990999018,0,risk_on,3,calm,2.1469916926480232e-14,2.8644341399957937e-71,4.725697212566526e-263,0.9999999999999786,80.12101396234183,49.99999999999893,71.08470977363896,bullish
2025-07-22,0.0024564368111654,0.0105199249991899,0.0163916205975753,0.0163505421855998,0.8333333333333334,0.8333333333333334,0.0,0.0051990341223573,-0.0002861605000264,0.0150370437464666,0.6480014301423639,0,risk_on,3,calm,1.0977007702390573e-13,4.5604860963397265e-92,0.0,0.9999999999998904,79.64164718929345,49.99999999999452,70.74915303250377,bullish
2025-07-23,-0.025207198530753,0.0438395584237332,0.0167140179033315,0.0177228476646591,1.0,1.0,0.0,-0.0508455313891799,0.0004311343276739,0.0134926158727715,0.61428790712896,0,risk_on,3,calm,3.4707747238697745e-24,7.187798454225719e-117,0.0,1.0,69.56018870690214,50.0,63.69213209483149,neutral
2025-07-24,-0.0028402425202235,0.0185866070204474,0.0168412786611897,0.0180523425740592,1.0,1.0,0.0,-0.0059030739004733,0.0002225888600262,0.013551230336068,0.6062612806915184,0,risk_on,3,calm,1.9433932915449872e-26,2.3323839746304516e-116,0.0,1.0,81.03674369131632,50.0,71.72572058392142,bullish
2025-07-25,0.0035017937996159,0.008862122400358,0.0166917696813253,0.0180223316471149,1.0,1.0,0.0,0.0059008589962668,0.001102728602965,0.0135849922246743,0.6189304762383768,0,risk_on,3,calm,4.045840295138844e-26,2.0480049021466303e-111,0.0,1.0,86.05432288526583,50.0,75.23802601968609,bullish
2025-07-28,-0.0141848164889729,0.0245241990394656,0.0170400405379075,0.0186667509595063,1.0,1.0,0.0,-0.030513695251188,0.0021440622732421,0.0139114305824311,0.6360800684579956,0,risk_on,3,calm,2.1758802543563514e-26,7.039271371992473e-110,0.0,1.0,77.77997529354627,50.0,69.44598270548238,bullish
2025-07-29,-0.0031201287379221,0.0072230161101296,0.0171993248168687,0.01852829690646,0.5,0.5,0.0,-0.004250115817106,-0.0019901416587382,0.013880726157494,0.6353007519008953,0,risk_on,3,calm,1.0464967459279297e-18,2.295535033257371e-78,0.0,1.0,67.36304110823666,50.0,62.154128775765656,neutral
2025-07-30,-0.0024667456918944,0.0079685155796826,0.0170804926147421,0.0184702112469587,0.5,0.5,0.0,-0.0046306649816628,-0.0003028264021259,0.0136450477097192,0.6283956239375365,0,risk_on,3,calm,1.933950592779048e-21,5.4990736407246665e-81,0.0,1.0,70.55311605287676,50.0,64.38718123701372,neutral
2025-07-31,-0.0152046337971722,0.0206880477933249,0.01722510107783,0.0183537903194245,0.5,0.5,0.0,-0.0311549319218213,0.0007456643274768,0.0138300484468331,0.6328406100595635,0,risk_on,3,calm,4.595627973860103e-19,2.7204770958897953e-78,0.0,1.0,65.5268427081505,50.0,60.86878989570535,neutral
2025-08-01,-0.0189643103806037,0.026381393316961,0.0173452708134991,0.0183242705755089,0.3333333333333333,0.3333333333333333,0.0,-0.0403624611464969,0.0024338403852894,0.0135810584666274,0.6230213046767528,0,risk_on,3,calm,1.7985557499373518e-23,2.9900279276681524e-72,0.0,1.0,62.742891410763804,50.0,58.92002398753466,neutral
2025-08-04,0.0197295891107865,0.0344780249196813,0.0181400376681836,0.0185751291514565,0.3333333333333333,0.3333333333333333,0.0,0.043215762817679,-0.003756584596106,0.0135474303905492,0.6204880023807707,0,risk_on,3,calm,9.369138317310712e-16,2.487261541863825e-64,0.0,0.9999999999999992,63.39148223250929,49.999999999999964,59.374037562756484,neutral
2025-08-05,-0.0140577177665772,0.0216402785503062,0.0184064125926985,0.0189223464264972,0.1666666666666666,0.1666666666666666,0.0,-0.0292735633457048,0.0011581278125503,0.0136096747038819,0.6298033916101926,1,calm,3,calm,8.698320040243207e-20,6.062353651907306e-47,0.0,1.0,58.290045670233866,50.0,55.803031969163705,neutral
2025-08-06,0.0097601243566533,0.0117471470347008,0.0182918738774709,0.0188525231085143,0.3333333333333333,0.3333333333333333,0.0,0.018566867567622,0.0009533811456845,0.013518046823263,0.6250379428206391,0,risk_on,3,calm,1.5651620463516278e-17,2.6110245013184536e-51,0.0,1.0,71.39533317665338,50.0,64.97673322365736,neutral
2025-08-07,0.0285537332924968,0.0354769357541198,0.0188648063351473,0.0195900463185264,0.6666666666666666,0.6666666666666666,0.0,0.055368651372739,0.0017388152122546,0.013963254095069,0.6503533670185645,0,risk_on,3,calm,2.6567034323300593e-16,4.108399284488127e-57,0.0,0.9999999999999998,79.76364024094272,49.999999999999986,70.8345481686599,bullish
2025-08-08,0.0082457205029787,0.0179695883226473,0.0185574556558634,0.0193019123663715,0.6666666666666666,0.6666666666666666,0.0,0.018163002511651,-0.0016715615056935,0.0136088649626823,0.6228907541667525,0,risk_on,3,calm,7.138005085936875e-16,6.839960077984065e-63,0.0,0.9999999999999992,72.14659307952046,49.999999999999964,65.5026151556643,bullish
2025-08-11,-0.0097185874594163,0.0204773616995592,0.0181970250305341,0.0192966658187135,0.8333333333333334,0.8333333333333334,0.0,-0.0207053732888222,0.0012681983699895,0.0118356388213918,0.5245761199492883,0,risk_on,3,calm,3.4025009149110963e-32,9.052214298668312e-106,0.0,1.0,77.73149726941024,50.0,69.41204808858717,bullish
2025-08-12,0.0270975547820819,0.0375009343362525,0.0187800031760759,0.0200801184116755,0.8333333333333334,0.8333333333333334,0.0,0.0533274310567281,0.0008676785074357,0.0117534940361127,0.549340970201722,0,risk_on,3,calm,7.668033711210488e-30,1.572570174232763e-91,0.0,1.0,84.45361187027952,50.0,74.11752830919565,bullish
2025-08-13,0.0171452704020512,0.018692775425272,0.0190256215283964,0.0201219368184599,0.8333333333333334,0.8333333333333334,0.0,0.0336969180823066,0.0005936227217958,0.0126936486798384,0.5573450903581674,0,risk_on,3,calm,4.677378911807156e-27,7.356713821162688e-86,0.0,1.0,83.38235512438303,50.0,73.36764858706812,bullish
2025-08-14,-0.0285098201292015,0.0343068156395247,0.0199984019334879,0.0211029036707861,0.8333333333333334,0.8333333333333334,0.0,-0.0560492161303738,-0.0009704241280292,0.0144173450038667,0.638023727018378,0,risk_on,3,calm,8.923319327301904e-20,1.948309825834709e-57,0.0,1.0,58.78859638660627,50.0,56.152017470624386,neutral
2025-08-15,-0.001308134143032,0.0153414617150335,0.0195443181004393,0.0205354784706761,0.8333333333333334,0.8333333333333334,0.0,-0.0030801202884522,0.000463852002388,0.0144253844483588,0.6238420754610945,0,risk_on,3,calm,4.75940487179002e-22,5.369170612478149e-65,0.0,1.0,74.55476717632398,50.0,67.18833702342678,bullish
2025-08-18,-0.0161927203832139,0.0221058386680482,0.019440320544306,0.0201467078043684,0.6666666666666666,0.6666666666666666,0.0,-0.0323217368800163,-6.370388641163682e-05,0.0143858878706156,0.6589312841763367,0,risk_on,3,calm,4.523370698200356e-15,1.4511195315024721e-44,0.0,0.9999999999999956,63.45162089623255,49.99999999999978,59.41613462736271,neutral
2025-08-19,-0.024332418691308,0.0282655179866673,0.0187882728372977,0.0185265236035369,0.5,0.5,0.0,-0.0482223164117132,-0.0004425209709028,0.0153222772676541,0.7330826899366053,0,risk_on,3,calm,5.6385720481681714e-09,8.403634473307191e-25,3.210712393618743e-201,0.999999994361428,54.670128284875425,49.9999997180714,53.269089714834216,neutral
2025-08-20,0.021540673306618,0.0313559574354428,0.0193403564502874,0.0193094286442779,0.3333333333333333,0.3333333333333333,0.0,0.0450603739480014,-0.0019790273347654,0.0155235930823712,0.7434219165265737,0,risk_on,3,calm,1.9425928981584496e-08,1.6446306664571978e-22,1.1779352660093762e-207,0.999999980574071,61.8584683395295,49.99999902870355,58.30092754628171,neutral
2025-08-21,-0.0126652327242261,0.0139170164267937,0.0193717535631424,0.0194765270181122,0.1666666666666666,0.1666666666666666,0.0,-0.0244295578757994,-0.0009009075726528,0.0151299914502977,0.7700400913423534,1,calm,3,calm,3.419783386930886e-10,2.162520690476703e-09,8.570318424092664e-179,0.999999997495501,51.29637842596279,50.00000009102712,50.90746492548209,neutral
2025-08-22,0.0517060917048274,0.0642613128767908,0.0210508732465494,0.0212027613494626,0.5,0.6666666666666666,0.1666666666666666,0.1010485365236114,0.0023636468860434,0.0168229497675643,0.8280114829461604,0,risk_on,3,calm,5.5059096479331314e-21,4.946491548127105e-18,9.019243994987424e-99,1.0,71.60083960804762,50.0,65.12058772563333,bullish
2025-08-25,-0.0348385718868425,0.0448408626762524,0.0222747222182894,0.0225997328405667,0.0,0.1666666666666666,0.1666666666666666,-0.0699580080184891,0.000280864244804,0.0179348762465513,0.8543554277758328,3,risk_off,1,risk_on,2.4962966413666108e-12,0.9999788540647252,4.6050742400869225e-96,2.1145932778512252e-05,29.853263582348642,99.99894270311144,50.89696731857748,neutral
2025-08-26,0.0180420981264844,0.0236109431604113,0.0224712832853246,0.0227812527201198,0.1666666666666666,0.5,0.3333333333333333,0.0362415654564557,-0.0001573692034868,0.0180082946233013,0.8573312949301504,0,risk_on,1,risk_on,1.809375307164845e-24,0.9999884887306328,1.3927371729970117e-94,1.1511269367271798e-05,54.22698892276094,99.99942443653164,67.95871957689215,bullish
2025-08-27,-0.0040037459599128,0.0085273419314472,0.0222378586377877,0.0225028713100456,0.1666666666666666,0.3333333333333333,0.1666666666666666,-0.0077670520617319,-0.0002404398580938,0.017925085366202,0.855708339411246,1,calm,1,risk_on,1.8105349005351783e-26,0.9998434862434984,5.73654241934557e-104,0.0001565137565017,49.32256389095988,99.99217431217492,64.52344701732439,neutral
2025-08-28,0.0064127848507467,0.010328654211535,0.0222739160413601,0.0225508809758876,0.1666666666666666,0.3333333333333333,0.1666666666666666,0.0126887820657361,0.0001367876357572,0.0180990194057943,0.8508596222657511,1,calm,1,risk_on,1.565148482244278e-24,0.9998780341368132,6.518566112304471e-106,0.0001219658631868,53.02118951398937,99.99390170684066,67.11300317184475,bullish
2025-08-29,-0.019792302510152,0.0216683176050968,0.0226650873018975,0.022806342594132,0.0,0.1666666666666666,0.1666666666666666,-0.0390998564396768,-0.0004847485806272,0.0192471435410024,0.8497410907679345,1,calm,1,risk_on,6.3829288126262255e-18,0.9999884811828612,1.2050098989104856e-96,1.1518817138764783e-05,36.97175010767531,99.99942405914305,55.88005229311563,neutral
2025-09-01,-0.0021123842287279,0.0110309377424699,0.0219006597640357,0.0216917411168263,-0.1666666666666666,0.1666666666666666,0.3333333333333333,-0.0074313459868302,0.0032065775293744,0.0187889962505381,0.8327139635033524,1,calm,1,risk_on,1.5397866853223537e-15,0.9999993840146564,9.213201756149482e-92,6.15985342098097e-07,49.77094653437252,99.99996920073275,64.83965333428058,neutral
2025-09-02,0.0067635053338177,0.0095635344186846,0.0218006703993184,0.0215711406689387,-0.1666666666666666,0.1666666666666666,0.3333333333333333,0.013522745967706,4.264699929423799e-06,0.0189006579039981,0.8222431366596515,1,calm,1,risk_on,5.422320830797117e-13,0.9999947739047254,1.518713872216817e-102,5.226094732469829e-06,48.21630184735161,99.99973869520916,63.75133290170888,neutral
2025-09-03,0.0104155575479032,0.0143103691708791,0.0215318307200216,0.0210612659237144,0.0,0.5,0.5,0.019797923807671,0.0010331912881355,0.0188670373657488,0.8238067834888708,1,calm,1,risk_on,1.1680008125293755e-16,0.9999999710531662,1.0363116105585729e-78,2.8946833724399233e-08,54.96150253329952,99.99999855265831,68.47305133910716,bullish
2025-09-04,-0.0134991320463718,0.0174565002287048,0.0214842079337212,0.0209767232322784,-0.1666666666666666,0.3333333333333333,0.5,-0.026706263526059,-0.0002920005666846,0.0188830004442152,0.8256794795687794,1,calm,1,risk_on,1.3358489577032704e-11,0.9999998245470594,3.607309139917824e-77,1.7543958209500166e-07,40.93099806812254,99.99999122668505,58.65169601569129,neutral
2025-09-05,0.0051972890515482,0.0101511395278954,0.021450766865501,0.0209608589452914,-0.1666666666666666,0.3333333333333333,0.5,0.0091520460016111,0.0012425321014852,0.0188091411846536,0.8223989488082896,1,calm,1,risk_on,6.040881769059089e-13,0.9999999878911418,9.278495269196627e-83,1.2108254190017009e-08,51.002273355548716,99.99999939452688,65.70159116724216,bullish
2025-09-08,0.0115805529394862,0.0222289396643041,0.0207656528316249,0.0200568042220685,0.3333333333333333,0.3333333333333333,0.0,0.0216470789763503,0.001514026902622,0.0184740520394658,0.8151638094359605,0,risk_on,3,calm,2.8767287910589427e-15,2.5484117268045174e-08,6.013587448894445e-95,0.99999997451588,61.18345128529875,50.00000127420573,57.82841628197084,neutral
2025-09-09,-0.0020514128816754,0.0042184090868583,0.0205399794126362,0.0200768028674443,0.3333333333333333,0.3333333333333333,0.0,-0.0027155618183367,-0.0013872639450141,0.0178518719876195,0.8471651603700856,1,calm,3,calm,8.947724154759927e-24,0.0154339623141904,3.653026861937946e-83,0.9845660376858096,54.84257974042159,50.77169811570952,53.621315253007964,neutral
2025-09-10,0.0080820461159116,0.011088244743714,0.0204732239221656,0.0198032025257065,0.5,0.5,0.0,0.0170800394618839,-0.0009159472300607,0.0183645990629462,0.8466242537439835,0,risk_on,3,calm,2.7542646538272644e-27,7.444473313098965e-06,3.1658203140194783e-72,0.9999925555266868,61.246800732925834,50.00037222366564,57.872872180147766,neutral
2025-09-11,0.0134058533364169,0.0182088317311849,0.0197781203612198,0.0191365035882172,0.6666666666666666,0.6666666666666666,0.0,0.0275509518396793,-0.0007392451668454,0.0184106105981968,0.8531962923686865,0,risk_on,3,calm,8.655799923517246e-30,1.0816043714228377e-12,4.078684181919132e-62,0.9999999999989184,66.25175919778857,50.00000000005408,61.37623143846822,neutral
2025-09-12,0.0237438660120244,0.0337923577803332,0.0199792410241586,0.0197890117395721,0.6666666666666666,0.6666666666666666,0.0,0.0460293615012414,0.0014583705228075,0.0176692591686738,0.8464744950610359,0,risk_on,3,calm,1.1298190866938638e-23,2.0583165899039366e-16,1.1888297447283893e-74,0.9999999999999998,70.21255184269323,50.00000000000001,64.14878628988527,neutral
2025-09-15,-0.0082545180494167,0.0150176375895441,0.018991865425024,0.0197334128329941,0.8333333333333334,0.8333333333333334,0.0,-0.0173118717826901,0.0008028356838566,0.0160751341069738,0.8276312120075259,0,risk_on,3,calm,4.951734903511131e-27,2.1137623524179474e-20,6.10199575498395e-104,1.0,67.49767309018219,50.0,62.24837116312753,neutral
2025-09-16,0.0022605619317224,0.0064029112697836,0.018952314315013,0.0197735753655743,0.5,0.6666666666666666,0.1666666666666666,0.0046323090186668,-0.000111185155222,0.0162507814223439,0.8205440364002513,0,risk_on,3,calm,2.919927955980259e-16,2.915849666798546e-12,2.698009527091284e-103,0.9999999999970836,64.84029442588128,50.00000000014576,60.38820609816062,neutral
2025-09-17,0.0105383757553183,0.0202382767048929,0.0188065845463459,0.0194214694429882,0.5,0.6666666666666666,0.1666666666666666,0.0211727371727443,-9.598566210751908e-05,0.0161479018480396,0.8105931032257266,0,risk_on,3,calm,3.8000217368981613e-13,1.1783497644769077e-15,4.360304419950376e-106,0.9999999999996187,65.72267211209325,49.99999999998106,61.005870478459585,neutral
2025-09-18,-0.00154493256817,0.006829313207526,0.0181037179832035,0.0186704341231413,0.3333333333333333,0.5,0.1666666666666666,-0.0030117091937554,-7.815594258468266e-05,0.0151631207769595,0.7876529190342456,0,risk_on,3,calm,1.078547807362611e-09,5.216936439789943e-15,2.3006113916983537e-129,0.999999998921447,62.738183013927895,49.99999994607287,58.91672809357138,neutral
2025-09-19,-0.0129987972406408,0.020669934219662,0.0179698833343815,0.0184379608065762,0.6666666666666666,0.6666666666666666,0.0,-0.0285226951559085,0.0025251006746268,0.015204661900601,0.7876510245482319,0,risk_on,3,calm,1.8333209879986141e-13,1.2112432266254906e-26,6.640406441569212e-124,0.9999999999998168,67.20852656832362,49.99999999999084,62.04596859782378,neutral
2025-09-22,-0.0260749668678683,0.0316714445224742,0.0154738877750453,0.0156609637631462,0.1666666666666666,0.3333333333333333,0.1666666666666666,-0.0505466302667831,-0.0016033034689534,0.0134365724896869,0.7443811372390708,1,calm,3,calm,6.148549171653919e-05,5.3664398912711614e-37,1.3981913873125042e-156,0.9999385145082836,50.001983001104094,49.99692572541418,50.00046581839712,neutral
2025-09-23,-0.0046258834885877,0.0083608738355969,0.0154340563064831,0.0156546142656431,0.1666666666666666,0.3333333333333333,0.1666666666666666,-0.0110166861054873,0.0017649191283117,0.0131490903028226,0.7553995835881078,1,calm,3,calm,8.17786437759917e-08,2.382060541685293e-28,1.1298512011248188e-147,0.9999999182213564,66.51128036748007,49.99999591106782,61.557895030556395,neutral
2025-09-24,0.0053951543825649,0.0077637673203473,0.013805407016449,0.0135726494586567,0.1666666666666666,0.3333333333333333,0.1666666666666666,0.0087639577498074,0.0020263510153224,0.0121133065759326,0.6881868671400793,1,calm,3,calm,1.8327444928794792e-11,7.264386806566242e-55,1.639518807710517e-238,0.9999999999816724,75.17741824939151,49.99999999908362,67.62419277429915,bullish
2025-09-25,-0.0298479069140983,0.0357438275161099,0.0146050776152245,0.0143365442262751,0.0,0.3333333333333333,0.3333333333333333,-0.0601860754822997,0.000490261654103,0.0137603907134577,0.7431210468111941,1,calm,3,calm,0.0003785090420872,1.668008555750473e-38,9.988174569363799e-130,0.999621490957913,50.002378269930915,49.98107454789565,49.99598715332033,neutral
2025-09-26,0.0150692429585536,0.0214583929770751,0.0149756334911712,0.0147252280228099,0.0,0.3333333333333333,0.3333333333333333,0.0299965673917339,0.0001419185253733,0.0137929548672728,0.7419559516153894,1,calm,3,calm,6.926013857325077e-06,6.06239930878023e-34,5.1067040242862373e-144,0.9999930739861426,66.25959947510783,49.99965369930713,61.38161574236762,neutral
2025-09-29,0.004403101350229,0.0119362912364118,0.0147082210505917,0.0144952335143254,0.3333333333333333,0.5,0.1666666666666666,0.0088824390776862,-7.623637722805239e-05,0.0128420647164262,0.7216328568669946,0,risk_on,3,calm,1.8237260612555248e-06,1.671614649928437e-44,3.741529641474089e-189,0.9999981762739388,71.76808079684106,49.99990881369694,65.23762920189782,bullish
2025-09-30,-0.0051826094035514,0.0068747611084208,0.0147162083119266,0.0145173256311765,0.1666666666666666,0.3333333333333333,0.1666666666666666,-0.0093230172830606,-0.0010422015240421,0.0127998867459514,0.7261365138437984,1,calm,3,calm,1.4548623001893407e-06,1.5621177378548933e-39,9.745232563144671e-186,0.9999985451376998,64.3408510025103,49.99992725688499,60.0385738788227,neutral
2025-10-01,0.0262364748623945,0.031095938099588,0.0155240671614877,0.0152568386490075,0.5,0.5,0.0,0.0531774182751826,-0.0007044685503936,0.0145533290131114,0.7674711261422775,0,risk_on,3,calm,7.414292508432621e-07,4.619047550647559e-48,1.4032803233447206e-128,0.9999992585707492,74.1897029113401,49.999962928537464,66.93278091649931,bullish
2025-10-02,0.0153460379440045,0.0228653817965778,0.0157673745660392,0.0155844153185699,0.5,0.5,0.0,0.0333932300252658,-0.0027011541372566,0.0144892155458625,0.7816110685084907,0,risk_on,3,calm,3.170277366056647e-07,1.1870163604931563e-38,2.403028227029096e-120,0.9999996829722634,68.15467831402641,49.999984148613166,62.708270064402434,neutral
2025-10-03,0.0009522162609431,0.0095131869478439,0.0156700393237997,0.0155705762084348,0.5,0.5,0.0,0.0018667756361593,3.7656885726877753e-05,0.0146322903639394,0.7742529085897107,0,risk_on,3,calm,4.593029913532185e-07,2.893984697227428e-38,3.856716681128207e-123,0.9999995406970086,70.4809269328141,49.99997703485043,64.336641963425,neutral
2025-10-06,0.0193037450513289,0.0215646148700615,0.0157630868456083,0.0156201667473692,0.6666666666666666,0.6666666666666666,0.0,0.0333472038805774,0.0052602862220804,0.0144213666178101,0.7665858052783268,0,risk_on,3,calm,5.05175176004929e-10,7.776166713067209e-47,6.983856446951192e-125,0.999999999494825,86.39795135035496,49.99999997474125,75.47856593767085,bullish
2025-10-07,-0.0241180554471153,0.03157856743591,0.0163858606394501,0.0163298381364504,0.5,0.5,0.0,-0.049736395004448,0.0015002841102174,0.0154569167002941,0.8018601726830218,0,risk_on,3,calm,3.743390876840318e-05,9.88133324158381e-33,6.159355361693941e-87,0.9999625660912316,58.473746834951186,49.998128304561575,55.9310612758343,neutral
2025-10-08,0.0126391762696119,0.0142247122005535,0.0163832447940079,0.0160578230630859,0.6666666666666666,0.6666666666666666,0.0,0.0229688079935278,0.002309544545696,0.0156095616343147,0.8165737709562572,0,risk_on,3,calm,7.963214044928119e-14,7.921428944954061e-32,3.2194345213777327e-81,0.9999999999999204,78.22728521992384,49.99999999999602,69.7590996539455,bullish
2025-10-09,-0.0121295423056025,0.0159274406686105,0.0166110520284654,0.016283194443096,0.6666666666666666,0.6666666666666666,0.0,-0.0251204653049031,0.000861380693698,0.0158363056572164,0.8218183033407772,0,risk_on,3,calm,2.0051674848846968e-15,9.702738786143963e-29,1.0693043500878679e-76,0.999999999999998,66.92861808073604,49.9999999999999,61.8500326565152,neutral
2025-10-10,-0.0676488135060561,0.0853035935683173,0.0210952133170092,0.0221196872559849,0.1666666666666666,0.3333333333333333,0.1666666666666666,-0.1343734168915467,-0.0009242101205655,0.020528934669836,0.8977040446853647,3,risk_off,0,risk_off,0.9999999999947652,5.196043155110187e-12,1.5861642445931147e-46,3.96817500284609e-14,12.251910648844941,5.215884030124417e-10,8.576337454347934,bearish
2025-10-13,0.0085249008720248,0.0148222772909897,0.0222919567169139,0.0233890883378183,0.0,0.3333333333333333,0.3333333333333333,0.0183996370245586,-0.001349835280509,0.0218953162694759,0.9268081285223998,2,high_volatility,1,risk_on,1.9464925806438767e-17,0.9999999999999104,1.9203601658559306e-65,8.964031205866476e-14,43.49991458574691,99.99999999999552,60.449940210021495,neutral
2025-10-14,-0.0155493715833194,0.0184630249317818,0.0223841693681473,0.0234590396226121,0.0,0.3333333333333333,0.3333333333333333,-0.0305593976982562,-0.0005393454683827,0.0221530970522575,0.9279449849023385,2,high_volatility,1,risk_on,2.7486109383091794e-16,0.999999999999978,9.029203682610967e-61,2.1746789037443835e-14,35.999187874524154,99.99999999999889,55.19943151216657,neutral
2025-10-15,-0.0156351188654765,0.0183954088577304,0.0224493200738263,0.0235755180561283,0.0,0.3333333333333333,0.3333333333333333,-0.0311953123633989,-7.492536755423125e-05,0.0224386925712933,0.9305380820856928,2,high_volatility,1,risk_on,1.2658700614118032e-15,0.9999999999999952,3.1854563762908297e-60,3.4857402707431536e-15,36.41648916459972,99.99999999999969,55.491542415219705,neutral
2025-10-16,-0.0164224167296723,0.0155235106786587,0.022710085342302,0.0234915012593247,-0.1666666666666666,0.1666666666666666,0.3333333333333333,-0.0287942363645184,-0.0040505970948262,0.0226467121607257,0.9324891724037752,2,high_volatility,1,risk_on,2.0501444210109806e-17,0.9999999999999978,2.7972495371862035e-60,2.266977138114308e-15,26.5226781871435,99.99999999999989,48.56587473100041,neutral
2025-10-17,-0.0084736123446536,0.0103138414526776,0.0225760684456006,0.0231301292688988,-0.1666666666666666,0.1666666666666666,0.3333333333333333,-0.0172743864380292,0.000327161748722,0.0227850940368079,0.938879813844935,2,high_volatility,1,risk_on,3.793467688892965e-18,0.9999999999999992,3.1430654207575134e-57,8.810685742770622e-16,37.202330110951095,99.99999999999997,56.041631077665755,neutral
2025-10-20,0.0070172192138019,0.0111066907073063,0.0228056102201051,0.0233864483545517,-0.3333333333333333,0.1666666666666666,0.5,0.0134592882263054,0.0005751502012985,0.02318885167016,0.9367927732720674,2,high_volatility,1,risk_on,3.092151040726286e-16,0.9999999999999996,3.121357338131939e-54,9.675184690567258e-21,39.28890265403115,99.99999999999996,57.50223185782178,neutral
2025-10-21,-0.0131122232352512,0.013462762331262,0.0228409798654386,0.0234761773157698,-0.3333333333333333,0.1666666666666666,0.5,-0.0251102562221838,-0.0011141902483186,0.0234351008473414,0.936299613860604,2,high_volatility,1,risk_on,2.9899224822278136e-15,0.9999999999999968,8.149895109284379e-52,3.913970224838766e-21,29.38494848096403,99.99999999999967,50.56946393667472,neutral
2025-10-22,-0.0070749348610597,0.0113763198654231,0.0224132949646311,0.0229124308012254,-0.3333333333333333,0.1666666666666666,0.5,-0.0158244599520738,0.0016745902299542,0.0231462162430977,0.9349958075801912,2,high_volatility,1,risk_on,2.6367260844400932e-14,0.9999999999999738,8.995588448684555e-49,1.328518454459616e-20,37.05046797577166,99.99999999999739,55.935327583039374,neutral
2025-10-23,0.0103377567200469,0.0128051356034475,0.0225453190015925,0.0230053049591378,-0.5,0.1666666666666666,0.6666666666666666,0.0212992457360573,-0.0006237322959633,0.0235596267409561,0.932236079059197,2,high_volatility,1,risk_on,6.132230031182102e-13,0.9999999999993868,7.97759321072925e-45,6.277601239307748e-26,35.7671257165604,99.99999999993868,55.03698800157388,neutral
2025-10-24,0.0080812769076007,0.0078876681286996,0.0225537732251111,0.0230354179565245,-0.5,0.1666666666666666,0.6666666666666666,0.0143190637489882,0.0018434900662132,0.0235062033637434,0.9347743885244983,2,high_volatility,1,risk_on,7.346956802329932e-14,0.9999999999999264,2.5918863039367445e-46,8.916984702842725e-27,39.79964168709448,99.99999999999264,57.859749180963924,neutral
2025-10-27,-0.0058354421999743,0.011026625092245,0.0219974774388005,0.0224001355532098,-0.1666666666666666,0.1666666666666666,0.3333333333333333,-0.0132549565681392,0.0015840721681905,0.0228823034463099,0.9365210104525272,2,high_volatility,1,risk_on,1.8196478955398884e-14,0.9999999999999808,3.585717284056395e-49,9.565315562751005e-16,40.88643301274003,99.99999999999812,58.620503108917454,neutral
2025-10-28,-0.0123229772912616,0.0172914821143348,0.0219786139594304,0.022384853721991,-0.1666666666666666,0.1666666666666666,0.3333333333333333,-0.0259090619927964,0.0012631074102731,0.022615682906107,0.9358973813151916,2,high_volatility,1,risk_on,1.380135921009882e-13,0.9999999999998456,1.361601459704131e-49,1.6442040826741488e-14,37.25183672934144,99.99999999998538,56.07628571053462,neutral
2025-10-29,-0.0094672277977215,0.0105615649300575,0.0219208875792309,0.0224641582659891,-0.3333333333333333,0.1666666666666666,0.5,-0.0170242924738463,-0.0019101631215967,0.0228050595383633,0.9340749051744716,2,high_volatility,1,risk_on,5.985481889890941e-14,0.99999999999994,4.920243203884709e-50,1.3721979936628504e-19,31.483591516313552,99.999999999994,52.038514061417686,neutral
2025-10-30,-0.014788650616596,0.0210738363732575,0.022090899008298,0.0226609125420935,-0.3333333333333333,0.3333333333333333,0.6666666666666666,-0.0306494373521311,0.001072136118939,0.0229603111860568,0.9358050971822508,2,high_volatility,1,risk_on,2.1387378192542627e-12,0.9999999999978612,4.966315526157956e-45,2.810787192721639e-23,32.96472408356156,99.99999999978611,53.075306858428924,neutral
2025-10-31,0.0085301840547226,0.0078556452040816,0.021440163581128,0.0219843998341884,-0.3333333333333333,0.3333333333333333,0.6666666666666666,0.0142864514619102,0.0027739166475351,0.0217255341730057,0.9336897973979456,2,high_volatility,1,risk_on,4.350870404055482e-15,0.9999999999999956,6.93370782962535e-51,1.1959091623026659e-21,47.20822222285567,99.99999999999956,63.04575555599883,neutral
2025-11-03,-0.0359972293467406,0.0446766432136236,0.0220246524725659,0.0227107944142929,-0.3333333333333333,0.3333333333333333,0.6666666666666666,-0.0718837168053507,-0.0001107418881305,0.0220891816326284,0.9448702521810852,3,risk_off,1,risk_on,1.2555865622064106e-09,0.9999999987444136,2.639203811384503e-52,3.510159539303363e-20,19.925070101581234,99.99999987444136,43.94754903343927,cautious
2025-11-04,-0.0279261569205906,0.035397249546402,0.0226032626893608,0.0231882748670655,-0.3333333333333333,0.3333333333333333,0.6666666666666666,-0.0554192065865596,-0.0004331072546217,0.0233083491842577,0.922541347968554,3,risk_off,1,risk_on,2.595822663164167e-09,0.9999999974041772,3.919996368244034e-37,5.350857415616777e-23,23.149903351218356,99.99999974041772,46.204932267978165,neutral
2025-11-05,0.014873726600675,0.0197810653789647,0.0225649211733628,0.0230295538890577,-0.3333333333333333,0.3333333333333333,0.6666666666666666,0.0320861167733346,-0.0023386635719844,0.0237726760059553,0.9230307690651086,2,high_volatility,1,risk_on,1.0785247256807509e-12,0.9999999999989216,3.557705763112828e-38,5.804332013388248e-25,36.90702444929084,99.99999999989217,55.83491711447124,neutral
2025-11-06,-0.0147112994179294,0.0173206266612003,0.0222860406761507,0.0226998331711234,-0.5,0.1666666666666666,0.6666666666666666,-0.0302106551772594,0.0007880563414006,0.0237191781072941,0.9199957624791456,2,high_volatility,1,risk_on,7.400819065856439e-09,0.9999999925991808,1.6434110266228703e-34,6.535952013355524e-26,29.666487069993195,99.99999925991808,50.76654072697066,neutral
2025-11-07,0.0267087285308939,0.0416509528256496,0.0229708493076095,0.0238305737788602,-0.5,0.1666666666666666,0.6666666666666666,0.0538937343256687,-0.0004762772638808,0.023843003987529,0.9143882797730128,2,high_volatility,1,risk_on,2.388944276970901e-08,0.999999976110557,4.2631833986657775e-39,9.837258519078721e-24,35.63543874668139,99.9999976110557,54.94480640599368,neutral
2025-11-10,0.0043904396118223,0.0073975481340239,0.0191897285768687,0.0186694555936231,-0.5,0.1666666666666666,0.6666666666666666,0.0070973000766973,0.0016835791469472,0.0207428067478108,0.8768300302346713,1,calm,1,risk_on,0.0182364891535133,0.9817635108464644,6.20616438564423e-22,2.23199512404904e-14,46.490514225058895,98.17635108464756,61.9962652829355,neutral
2025-11-11,-0.0200060616834048,0.0247144609786445,0.0173317930112359,0.0162757142070059,-0.5,0.1666666666666666,0.6666666666666666,-0.0412949473218441,0.0012828239550343,0.0198606606828261,0.8608056090916753,1,calm,0,risk_off,0.9999999995863752,4.1129402821294344e-10,1.0997180632208126e-17,2.330936790280825e-12,38.44444119729309,4.12459499357379e-08,26.911108850478946,bearish
2025-11-12,-0.0041752007763064,0.0062755688902165,0.0171726239508769,0.0160248919375651,-0.5,0.1666666666666666,0.6666666666666666,-0.0081657013847602,-0.0001847001678526,0.0199133530780381,0.8592452299461822,1,calm,0,risk_off,0.9999999922224294,7.775775482699192e-09,2.4905875282827285e-19,1.795124698991957e-12,44.945050978693175,7.776673045110953e-07,31.46153591838541,cautious
2025-11-13,-0.0176127963638895,0.0240670999234272,0.0172656801595272,0.0161756780836209,-0.3333333333333333,0.1666666666666666,0.5,-0.0372215064910559,0.0019959137632767,0.0199343310858225,0.8578851872608916,1,calm,0,risk_off,0.9999999954580084,2.4773735480249133e-13,9.235021023180844e-20,4.541743842549773e-09,43.46206146064543,2.2711196586527765e-07,30.42344309058539,cautious
2025-11-14,-0.020159130220032,0.024617866826461,0.017564638855548,0.0162233974459652,-0.3333333333333333,0.1666666666666666,0.5,-0.0421253483422114,0.0018070879021473,0.0215526345478091,0.8422767761405382,1,calm,0,risk_off,0.9999999999999842,3.554289938349077e-23,9.943590849412963e-21,1.57756228707008e-14,41.77912036834135,7.887813956791012e-13,29.245384257839184,bearish
2025-11-17,-0.014492076123853,0.0163032743639877,0.0175391113843602,0.0164829116628104,-0.3333333333333333,0.1666666666666666,0.5,-0.0279011670519998,-0.0010829851957062,0.021572969763539,0.8436799868933536,1,calm,0,risk_off,0.9999999999999996,7.895024536794094e-23,4.158175968729196e-24,5.226281623217681e-16,40.309417185489565,2.613141611506734e-14,28.2165920298427,bearish
2025-11-18,0.0175201540037574,0.0255060310807892,0.0178138842725184,0.016928192289109,-0.1666666666666666,0.3333333333333333,0.5,0.0344409474270845,0.0005993605804302,0.0214471306586222,0.8379423688659525,1,calm,0,risk_off,0.9999999999999832,2.646790965601581e-25,1.2309619583620832e-27,1.6883892954490144e-14,55.06164356162057,8.441946477510058e-13,38.543150493134654,cautious
2025-11-19,-0.0153880581365074,0.0193203030214399,0.0177490061124919,0.0171114960878965,-0.1666666666666666,0.3333333333333333,0.5,-0.0307987947210575,2.267844804256421e-05,0.0211034063379129,0.8423889208248431,1,calm,0,risk_off,0.9999999999999736,7.275479563932082e-22,5.754350195700324e-28,2.639855810357525e-14,44.40699705827411,1.3199279779335725e-12,31.084897940792267,cautious
2025-11-20,-0.0247904162399883,0.0305868673221684,0.0183077317680566,0.0174402587289942,-0.5,0.1666666666666666,0.6666666666666666,-0.0512476926768617,0.001666860196885,0.0227168737112039,0.8353508214906625,3,risk_off,0,risk_off,1.0,8.736640056049919e-24,2.551619835124194e-19,1.9279241862367624e-22,34.51722018043738,6.389562872747274e-18,24.162054126306163,bearish
2025-11-21,-0.0156642829880074,0.0232707011063864,0.0184574951877628,0.0177235822606299,-0.3333333333333333,0.3333333333333333,0.6666666666666666,-0.0327244004946758,0.0013958345186609,0.0227864512106704,0.8328690657642771,1,calm,0,risk_off,1.0,1.25856043572289e-25,6.012539600296856e-24,1.7861578050942674e-23,41.676135439654665,1.055977996911784e-21,29.173294807758264,bearish
2025-11-24,0.0202658868451125,0.0247637489959488,0.019024699113831,0.0182644416779733,-0.3333333333333333,0.3333333333333333,0.6666666666666666,0.0392133203307721,0.0013184533594529,0.022992491938095,0.8387676884706803,1,calm,0,risk_off,1.0,1.0084475062158998e-20,8.889386858990151e-22,9.499574327881009e-23,52.042923400302655,1.0354207605273156e-18,36.430046380211856,cautious
2025-11-25,-0.0004028605865997,0.0068145881192047,0.0184230865656856,0.0175667432985427,-0.3333333333333333,0.3333333333333333,0.6666666666666666,0.0001074945728729,-0.0009132157460723,0.0221154048439146,0.8252570947793245,1,calm,0,risk_off,1.0,2.196517589945968e-20,1.3164806668660703e-31,2.9543194286628708e-21,46.58347608217802,2.3442335613824026e-18,32.60843325752461,cautious
2025-11-26,0.0114442458776013,0.015375794474953,0.0187594322948965,0.017737429018417,-0.1666666666666666,0.3333333333333333,0.5,0.0230886600235706,-0.0002001682683678,0.0235707295627284,0.8178121350825003,1,calm,0,risk_off,1.0,1.1554774175515294e-36,3.829913673144479e-36,4.7620576393868664e-24,52.13657926155196,2.381028819695546e-22,36.495605483086365,cautious
2025-11-27,-0.0007139664985402,0.007556537681269,0.0185541991595519,0.0177747461149083,-0.1666666666666666,0.3333333333333333,0.5,-0.0025686740785167,0.0011407410814362,0.0237607818884787,0.814036917295866,1,calm,0,risk_off,1.0,5.353695547848645e-41,3.937026189266827e-37,3.5764090993591646e-27,51.869538714995805,1.7882045497780614e-25,36.308677100497064,cautious
2025-11-28,-0.0020663787366517,0.0075290329389638,0.0184647394472462,0.0178316255934101,-0.1666666666666666,0.3333333333333333,0.5,-0.0049174501900746,0.000784692716771,0.0234990057630122,0.815777932509033,1,calm,0,risk_off,1.0,1.4072557259427339e-39,7.111609327700782e-37,2.4034449545203703e-26,50.938232929104224,1.2017224772781048e-24,35.65676305037295,cautious
2025-12-01,-0.0307181896916305,0.033971285477722,0.0188350768851347,0.0182428353653176,-0.1666666666666666,0.3333333333333333,0.5,-0.0606682462727811,-0.0007681331104799,0.0241924791601422,0.8253062216773671,3,risk_off,0,risk_off,1.0,1.5618325109290664e-44,2.6216715812534467e-29,7.261460305246082e-27,33.16465631168592,3.637284331576175e-25,23.21525941818014,bearish
2025-12-02,0.0345530940827732,0.0379774077918108,0.0202373166713798,0.0196936682367686,0.1666666666666666,0.3333333333333333,0.1666666666666666,0.0687412057736658,0.0003649823918806,0.0269667339867097,0.8498903380112842,2,high_volatility,0,risk_off,1.0,6.035667308196871e-73,1.2265722037229708e-21,6.125220898516757e-37,57.495865605758944,3.0664305093074303e-20,40.24710592403126,cautious
2025-12-03,0.0223723825119818,0.0256214882891316,0.0196754595104737,0.0189703460334261,0.3333333333333333,0.3333333333333333,0.0,0.0424950379162656,0.002249727107698,0.0268723455555176,0.8450913503947338,0,risk_on,0,risk_off,1.0,7.955018238321604e-87,1.768706915474584e-26,1.1953823033751127e-40,62.640233157671986,4.42176728868652e-25,43.84816321037039,cautious
2025-12-04,-0.0097699277476046,0.0125150416414411,0.0189490868668499,0.0181948325312174,0.0,0.1666666666666666,0.1666666666666666,-0.0200974104717291,0.0005575549765199,0.0256647493684518,0.855074911397807,1,calm,0,risk_off,1.0,5.096152948343724e-54,2.565775496475812e-20,6.932058795384117e-35,46.68593788984228,6.4144387411895645e-19,32.6801565228896,cautious
2025-12-05,-0.020637461650039,0.021970179296759,0.0189742987460744,0.018225696590665,-0.1666666666666666,0.1666666666666666,0.3333333333333333,-0.0394281771342891,-0.001846746165789,0.0256137913190186,0.8562669168712307,1,calm,0,risk_off,1.0,1.213181723408993e-46,1.419475098253253e-18,3.325699647775986e-34,34.693168367341286,3.548687745633134e-17,24.2852178571389,bearish
2025-12-08,0.0090077526766294,0.012287146662341,0.0178926868543118,0.0167419109866979,0.0,0.1666666666666666,0.1666666666666666,0.0172868288520534,0.0007286765012053,0.0251518919490039,0.8678353393940874,1,calm,0,risk_off,1.0,4.7684628435065775e-55,4.571156527034681e-20,3.983779548586411e-33,54.74505223515071,1.1427891317588694e-18,38.321536564605495,cautious
2025-12-09,0.0212598085491314,0.0247565099718196,0.0180477380987093,0.0169969327636637,0.3333333333333333,0.3333333333333333,0.0,0.0406916569563295,0.0018279601419333,0.025111730460891,0.8715566123000662,0,risk_on,0,risk_off,1.0,1.164659454080008e-71,5.480529957299528e-24,1.8605855475306127e-30,64.21505545564992,1.3701334196176557e-22,44.95053881895494,cautious
2025-12-10,-0.0055845531043149,0.013364807926307,0.018029249701824,0.0170111161542824,0.1666666666666666,0.3333333333333333,0.1666666666666666,-0.0121311152181083,0.0009620090094784,0.0249340058882853,0.8711596913338333,1,calm,0,risk_off,1.0,2.125935707801804e-53,2.5375392484406298e-22,3.578858132016026e-29,53.38119574733224,6.3438499105306404e-21,37.36683702313257,cautious
2025-12-11,-0.0072618847245722,0.0136539270001684,0.0177743647893313,0.0166180985128567,0.0,0.1666666666666666,0.1666666666666666,-0.0139276741261545,-0.0005960953229899,0.0245870295736396,0.8564380575250268,1,calm,0,risk_off,1.0,9.052510172107001e-54,1.790891117766238e-22,1.4433907184128113e-29,47.749207047913714,4.4772285161109545e-21,33.4244449335396,cautious
2025-12-12,-0.0148064821085113,0.0206284534735552,0.0179786809956098,0.0169014460097019,0.0,0.3333333333333333,0.3333333333333333,-0.0319313527435971,0.0023183885265744,0.0248273213105814,0.8564276656452519,1,calm,0,risk_off,1.0,2.7074971850101896e-52,1.7953819879919636e-22,8.950594970213112e-30,48.967823145805994,4.488455417509658e-21,34.27747620206419,cautious
2025-12-15,-0.0131377243247159,0.0170479111337034,0.0173335031857244,0.0162963132210587,-0.1666666666666666,0.3333333333333333,0.5,-0.0281090338623349,0.0018335852129029,0.0233181301040675,0.8632830634111602,1,calm,0,risk_off,1.0,2.147479768312402e-34,3.3027711239575138e-21,2.43451995733773e-24,47.85737173218075,8.26910040968262e-20,33.500160212526524,cautious
2025-12-16,0.0048518885021744,0.0090212176770213,0.0173433595731476,0.0162304984532378,-0.1666666666666666,0.3333333333333333,0.5,0.0103529150082353,-0.0006491380038864,0.0234888366603942,0.8576528613772655,1,calm,0,risk_off,1.0,3.83699679600419e-35,8.7635196204067e-23,5.678703923662177e-26,51.364656860055575,2.193719257067343e-21,35.9552598020389,cautious
2025-12-17,-0.0173369563035851,0.0209208740920335,0.0174234759972745,0.0164074907505462,-0.1666666666666666,0.3333333333333333,0.5,-0.0346509379209571,-2.297468621303977e-05,0.0233965646560077,0.858224472818097,1,calm,0,risk_off,1.0,3.402287047988965e-36,3.6315158457446816e-22,2.452917263232208e-24,42.771401944594004,9.201435477523655e-21,29.9399813612158,bearish
2025-12-18,-0.0069288035207509,0.0137147312997466,0.0170186274497165,0.0157619240934652,-0.1666666666666666,0.3333333333333333,0.5,-0.0132366685692203,-0.0006209384722815,0.0233093764378506,0.8655204570012205,1,calm,0,risk_off,1.0,3.1385048793465153e-34,3.5035136423625464e-22,9.092576211062078e-24,47.09669030133881,9.213412916490855e-21,32.96768321093717,cautious
